time_min,carbon_tax,inlet_temp,u1_flow,u1_outlet,u2_flow,u2_outlet,predicted_trend,baseline_opex,optimized_opex,savings
1.0,40.0,25.0,8.0,100.48,5.0,119.35,120.98,4831.97,4499.69,332.28
2.0,40.0,25.0,7.99,100.86,5.03,118.87,120.98,4822.72,4494.73,660.27
3.0,40.0,25.0,7.96,101.14,5.09,118.54,121.05,4815.01,4489.19,986.09
4.0,40.0,25.0,7.93,101.31,5.16,118.33,120.94,4808.59,4483.24,1311.44
5.0,40.0,25.0,7.89,101.39,5.25,118.2,120.94,4803.23,4477.4,1637.27
6.0,40.0,25.0,7.84,101.39,5.34,118.15,120.85,4798.77,4472.23,1963.81
7.0,40.0,25.0,7.8,101.32,5.43,118.14,120.91,4795.06,4468.12,2290.75
8.0,40.0,25.0,7.76,101.2,5.52,118.16,120.59,4791.96,4465.6,2617.11
9.0,40.0,25.0,7.73,101.04,5.61,118.21,120.31,4789.38,4465.03,2941.46
10.0,40.0,25.0,7.7,100.85,5.7,118.27,120.48,4787.23,4466.58,3262.1
11.0,40.0,25.0,7.67,100.66,5.79,118.34,120.5,4785.43,4470.47,3577.06
12.0,40.0,25.0,7.65,100.47,5.87,118.42,120.6,4783.94,4476.51,3884.49
13.0,40.0,25.0,7.64,100.28,5.95,118.5,120.6,4782.69,4484.51,4182.68
14.0,40.0,25.0,7.63,100.11,6.03,118.58,120.63,4781.66,4494.37,4469.97
15.0,40.0,25.0,7.62,99.97,6.1,118.67,120.66,4780.79,4505.76,4745.01
16.0,40.0,25.0,7.63,99.85,6.16,118.77,120.56,4780.07,4518.12,5006.96
17.0,40.0,25.0,7.63,99.76,6.22,118.87,120.56,4779.47,4531.07,5255.36
18.0,40.0,25.0,7.64,99.69,6.28,118.97,120.37,4778.97,4544.19,5490.14
19.0,40.0,25.0,7.65,99.65,6.33,119.08,120.55,4778.55,4557.19,5711.5
20.0,40.0,25.0,7.66,99.64,6.38,119.2,120.53,4778.21,4569.61,5920.1
21.0,40.0,25.4,7.67,99.68,6.42,119.32,120.51,4767.93,4571.7,6116.34
22.0,40.0,25.72,7.68,99.75,6.45,119.45,120.55,4759.42,4573.59,6302.17
23.0,40.0,25.97,7.69,99.85,6.48,119.58,120.6,4752.46,4574.71,6479.91
24.0,40.0,26.17,7.69,99.95,6.5,119.71,120.51,4746.87,4574.59,6652.19
25.0,40.0,26.31,7.69,100.06,6.52,119.85,120.54,4742.47,4573.15,6821.52
26.0,40.0,26.42,7.69,100.15,6.52,119.97,120.56,4739.12,4570.1,6990.53
27.0,40.0,26.49,7.68,100.22,6.53,120.09,120.44,4736.66,4565.82,7161.37
28.0,40.0,26.53,7.68,100.28,6.52,120.19,120.44,4734.98,4560.47,7335.88
29.0,40.0,26.55,7.67,100.31,6.51,120.27,120.44,4733.95,4554.27,7515.55
30.0,40.0,26.55,7.66,100.33,6.5,120.33,120.44,4733.48,4547.7,7701.33
31.0,40.0,26.53,7.65,100.32,6.48,120.38,120.54,4733.47,4540.94,7893.85
32.0,40.0,26.51,7.64,100.3,6.46,120.4,120.49,4733.85,4534.4,8093.3
33.0,40.0,26.47,7.63,100.26,6.44,120.41,120.49,4734.54,4528.34,8299.5
34.0,40.0,26.42,7.62,100.21,6.42,120.39,120.6,4735.5,4523.04,8511.95
35.0,40.0,26.37,7.62,100.16,6.4,120.37,120.6,4736.65,4518.79,8729.82
36.0,40.0,26.32,7.61,100.1,6.38,120.33,120.62,4737.96,4515.51,8952.27
37.0,40.0,26.26,7.61,100.05,6.37,120.28,120.56,4739.39,4513.43,9178.24
38.0,40.0,26.2,7.61,99.99,6.35,120.22,120.58,4740.9,4512.45,9406.7
39.0,40.0,26.14,7.61,99.94,6.34,120.16,120.58,4742.47,4512.73,9636.43
40.0,40.0,26.08,7.61,99.89,6.33,120.11,120.57,4744.07,4514.12,9866.39
41.0,40.0,26.02,7.61,99.86,6.33,120.05,120.57,4745.69,4516.49,10095.58
42.0,40.0,25.96,7.62,99.83,6.33,120.0,120.57,4747.29,4519.65,10323.22
43.0,40.0,25.91,7.62,99.81,6.33,119.95,120.57,4748.88,4523.49,10548.61
44.0,40.0,25.85,7.63,99.79,6.33,119.91,120.57,4750.43,4527.89,10771.16
45.0,40.0,25.8,7.64,99.79,6.33,119.88,120.57,4751.95,4532.75,10990.36
46.0,40.0,25.75,7.64,99.79,6.34,119.86,120.58,4753.42,4537.72,11206.06
47.0,40.0,25.7,7.65,99.8,6.35,119.85,120.58,4754.84,4542.75,11418.15
48.0,40.0,25.65,7.65,99.81,6.35,119.84,120.58,4756.2,4547.61,11626.73
49.0,40.0,25.61,7.66,99.82,6.36,119.84,120.56,4757.51,4552.33,11831.91
50.0,40.0,25.57,7.67,99.84,6.37,119.85,120.53,4758.75,4556.83,12033.83
51.0,40.0,25.53,7.67,99.86,6.38,119.86,120.53,4759.93,4560.9,12232.86
52.0,40.0,25.49,7.67,99.88,6.38,119.88,120.53,4761.06,4564.56,12429.36
53.0,40.0,25.45,7.68,99.9,6.39,119.9,120.51,4762.12,4567.75,12623.73
54.0,40.0,25.42,7.68,99.92,6.4,119.92,120.51,4763.12,4570.46,12816.4
55.0,40.0,25.39,7.68,99.93,6.4,119.94,120.51,4764.07,4572.71,13007.76
56.0,40.0,25.36,7.69,99.95,6.4,119.96,120.51,4764.96,4574.63,13198.08
57.0,40.0,25.33,7.69,99.96,6.4,119.98,120.51,4765.79,4576.11,13387.77
58.0,40.0,25.31,7.69,99.97,6.41,120.0,120.51,4766.58,4577.27,13577.08
59.0,40.0,25.28,7.69,99.98,6.41,120.02,120.51,4767.31,4578.12,13766.26
60.0,40.0,25.26,7.69,99.98,6.4,120.03,120.51,4767.99,4578.66,13955.59
61.0,40.0,25.24,7.69,99.98,6.4,120.04,120.51,4768.63,4579.11,14145.11
62.0,40.0,25.22,7.69,99.99,6.4,120.05,120.51,4769.23,4579.46,14334.88
63.0,40.0,25.21,7.69,99.99,6.4,120.06,120.51,4769.78,4579.58,14525.08
64.0,40.0,25.19,7.69,99.99,6.4,120.06,120.51,4770.3,4579.6,14715.78
65.0,40.0,25.17,7.69,99.99,6.39,120.06,120.51,4770.78,4579.61,14906.95
66.0,40.0,25.16,7.69,99.99,6.39,120.06,120.51,4771.23,4579.6,15098.58
67.0,40.0,25.15,7.69,99.98,6.39,120.06,120.51,4771.64,4579.57,15290.65
68.0,40.0,25.14,7.69,99.98,6.38,120.05,120.53,4772.02,4579.65,15483.02
69.0,40.0,25.12,7.69,99.98,6.38,120.05,120.53,4772.38,4579.79,15675.61
70.0,40.0,25.11,7.69,99.98,6.38,120.04,120.53,4772.7,4579.9,15868.41
71.0,40.0,25.11,7.69,99.98,6.38,120.04,120.53,4773.01,4580.08,16061.34
72.0,40.0,25.1,7.7,99.98,6.37,120.03,120.53,4773.29,4580.23,16254.39
73.0,40.0,25.09,7.7,99.98,6.37,120.03,120.53,4773.55,4580.45,16447.49
74.0,40.0,25.08,7.7,99.98,6.37,120.02,120.53,4773.79,4580.65,16640.63
75.0,40.0,25.07,7.7,99.98,6.37,120.02,120.53,4774.01,4580.91,16833.73
76.0,40.0,25.07,7.7,99.98,6.37,120.01,120.53,4774.21,4581.15,17026.78
77.0,40.0,25.06,7.7,99.98,6.37,120.01,120.53,4774.4,4581.46,17219.71
78.0,40.0,25.06,7.7,99.98,6.37,120.01,120.53,4774.57,4581.76,17412.52
79.0,40.0,25.05,7.7,99.99,6.37,120.0,120.53,4774.73,4582.04,17605.21
80.0,40.0,24.6,7.7,99.95,6.37,120.0,120.53,4786.13,4592.75,17798.59
81.0,40.0,24.23,7.7,99.89,6.37,119.98,120.49,4795.58,4602.25,17991.92
82.0,40.0,23.94,7.7,99.82,6.37,119.96,120.55,4803.33,4611.16,18184.08
83.0,40.0,23.72,7.71,99.75,6.37,119.94,120.52,4809.55,4619.74,18373.89
84.0,40.0,23.55,7.72,99.69,6.37,119.92,120.52,4814.45,4628.14,18560.21
85.0,40.0,23.43,7.73,99.65,6.38,119.89,120.49,4818.2,4636.34,18742.06
86.0,40.0,23.35,7.74,99.62,6.38,119.87,120.49,4820.94,4644.29,18918.72
87.0,40.0,23.3,7.75,99.61,6.39,119.85,120.47,4822.83,4651.88,19089.66
88.0,40.0,23.28,7.76,99.63,6.4,119.85,120.47,4823.99,4658.97,19254.67
89.0,40.0,23.27,7.77,99.65,6.4,119.85,120.47,4824.52,4665.11,19414.09
90.0,40.0,23.29,7.78,99.69,6.41,119.86,120.47,4824.54,4670.4,19568.23
91.0,40.0,23.32,7.79,99.74,6.42,119.88,120.47,4824.12,4674.6,19717.75
92.0,40.0,23.36,7.8,99.8,6.42,119.9,120.47,4823.36,4677.6,19863.51
93.0,40.0,23.41,7.8,99.87,6.43,119.94,120.47,4822.3,4679.35,20006.45
94.0,40.0,23.47,7.81,99.93,6.43,119.97,120.5,4821.02,4679.64,20147.83
95.0,40.0,23.53,7.81,99.99,6.43,120.01,120.5,4819.56,4678.77,20288.61
96.0,40.0,23.59,7.81,100.05,6.43,120.05,120.5,4817.97,4676.72,20429.86
97.0,40.0,23.66,7.81,100.1,6.43,120.09,120.5,4816.28,4673.54,20572.6
98.0,40.0,23.72,7.81,100.15,6.43,120.12,120.5,4814.53,4669.41,20717.72
99.0,40.0,23.79,7.8,100.18,6.42,120.15,120.5,4812.74,4664.44,20866.03
100.0,40.0,23.86,7.8,100.21,6.41,120.18,120.5,4810.94,4658.94,21018.03
101.0,40.0,23.92,7.79,100.22,6.4,120.2,120.53,4809.15,4652.91,21174.28
102.0,40.0,23.99,7.78,100.23,6.39,120.21,120.53,4807.38,4646.71,21334.94
103.0,40.0,24.05,7.78,100.23,6.38,120.21,120.55,4805.64,4640.43,21500.16
104.0,40.0,24.11,7.77,100.23,6.37,120.21,120.49,4803.94,4634.27,21669.83
105.0,40.0,24.16,7.76,100.22,6.36,120.2,120.49,4802.3,4628.22,21843.91
106.0,40.0,24.22,7.76,100.2,6.35,120.18,120.51,4800.71,4622.51,22022.11
107.0,40.0,24.27,7.75,100.18,6.34,120.16,120.51,4799.19,4617.32,22203.98
108.0,40.0,24.32,7.75,100.16,6.34,120.14,120.51,4797.73,4612.65,22389.05
109.0,40.0,24.37,7.74,100.14,6.33,120.11,120.56,4796.33,4608.48,22576.9
110.0,40.0,24.41,7.74,100.12,6.32,120.09,120.56,4795.01,4604.89,22767.02
111.0,40.0,24.45,7.73,100.11,6.32,120.06,120.56,4793.75,4601.78,22959.0
112.0,40.0,24.49,7.73,100.09,6.32,120.03,120.56,4792.56,4599.09,23152.47
113.0,40.0,24.53,7.73,100.07,6.31,120.01,120.55,4791.44,4596.95,23346.95
114.0,40.0,24.56,7.72,100.06,6.31,119.99,120.55,4790.38,4595.28,23542.05
115.0,40.0,24.6,7.72,100.05,6.31,119.97,120.55,4789.38,4593.93,23737.5
116.0,40.0,24.63,7.72,100.04,6.32,119.95,120.55,4788.45,4592.91,23933.03
117.0,40.0,24.65,7.72,100.03,6.32,119.94,120.55,4787.57,4592.2,24128.4
118.0,40.0,24.68,7.72,100.02,6.32,119.93,120.55,4786.75,4591.74,24323.41
119.0,40.0,24.71,7.72,100.02,6.32,119.92,120.55,4785.98,4591.51,24517.88
120.0,40.0,24.73,7.72,100.02,6.33,119.91,120.55,4785.26,4591.38,24711.76
121.0,40.0,24.75,7.72,100.02,6.33,119.91,120.55,4784.59,4591.35,24905.01
122.0,40.0,24.77,7.72,100.02,6.34,119.91,120.55,4783.97,4591.35,25097.63
123.0,40.0,24.79,7.72,100.02,6.34,119.92,120.55,4783.39,4591.37,25289.65
124.0,40.0,24.8,7.72,100.02,6.35,119.92,120.55,4782.86,4591.34,25481.16
125.0,40.0,24.82,7.71,100.02,6.35,119.93,120.55,4782.36,4591.34,25672.17
126.0,40.0,24.83,7.71,100.02,6.35,119.94,120.55,4781.89,4591.28,25862.78
127.0,40.0,24.85,7.71,100.02,6.36,119.95,120.53,4781.46,4591.17,26053.08
128.0,40.0,24.86,7.71,100.02,6.36,119.95,120.53,4781.07,4591.0,26243.14
129.0,40.0,24.87,7.71,100.03,6.36,119.96,120.53,4780.7,4590.86,26432.98
130.0,40.0,24.88,7.71,100.03,6.36,119.97,120.53,4780.36,4590.52,26622.82
131.0,40.0,24.89,7.71,100.03,6.37,119.98,120.53,4780.04,4590.13,26812.73
132.0,40.0,24.9,7.71,100.02,6.37,119.98,120.53,4779.75,4589.68,27002.8
133.0,40.0,24.91,7.71,100.02,6.37,119.99,120.53,4779.48,4589.39,27192.89
134.0,40.0,24.92,7.71,100.02,6.37,119.99,120.53,4779.24,4589.04,27383.08
135.0,40.0,24.92,7.71,100.02,6.37,120.0,120.53,4779.01,4588.7,27573.39
136.0,40.0,24.93,7.71,100.02,6.37,120.0,120.53,4778.8,4588.3,27763.89
137.0,40.0,24.94,7.71,100.02,6.37,120.0,120.53,4778.61,4587.91,27954.58
138.0,40.0,24.94,7.71,100.02,6.37,120.01,120.53,4778.43,4587.54,28145.47
139.0,40.0,24.95,7.71,100.01,6.37,120.01,120.53,4778.26,4587.09,28336.64
140.0,40.0,24.95,7.71,100.01,6.37,120.01,120.53,4778.11,4586.8,28527.96
141.0,40.0,24.95,7.71,100.01,6.37,120.01,120.53,4777.97,4586.5,28719.43
142.0,40.0,24.88,7.7,100.0,6.37,120.01,120.53,4779.83,4588.06,28911.19
143.0,40.0,24.82,7.7,99.99,6.37,120.0,120.53,4781.35,4589.46,29103.09
144.0,40.0,24.77,7.71,99.98,6.37,120.0,120.53,4782.59,4590.8,29294.87
145.0,40.0,24.74,7.71,99.96,6.37,119.99,120.53,4783.56,4592.02,29486.41
146.0,40.0,24.71,7.71,99.95,6.37,119.99,120.53,4784.32,4593.38,29677.35
147.0,40.0,24.69,7.71,99.94,6.37,119.98,120.53,4784.88,4594.66,29867.56
148.0,40.0,24.68,7.71,99.94,6.37,119.98,120.53,4785.27,4595.98,30056.85
149.0,40.0,24.67,7.71,99.93,6.37,119.97,120.53,4785.52,4597.14,30245.22
150.0,40.0,24.67,7.71,99.94,6.37,119.97,120.53,4785.64,4598.38,30432.48
151.0,40.0,24.67,7.72,99.94,6.37,119.97,120.53,4785.67,4599.37,30618.78
152.0,40.0,24.68,7.72,99.95,6.37,119.97,120.53,4785.61,4600.26,30804.13
153.0,40.0,24.69,7.72,99.96,6.37,119.98,120.53,4785.48,4600.94,30988.67
154.0,40.0,24.69,7.72,99.97,6.38,119.98,120.53,4785.29,4601.34,31172.61
155.0,40.0,24.71,7.72,99.98,6.38,119.98,120.53,4785.05,4601.57,31356.09
156.0,40.0,24.72,7.72,99.99,6.38,119.99,120.53,4784.78,4601.63,31539.24
157.0,40.0,24.73,7.72,100.0,6.38,120.0,120.53,4784.48,4601.46,31722.26
158.0,40.0,24.74,7.72,100.01,6.38,120.01,120.53,4784.17,4601.07,31905.35
159.0,40.0,24.75,7.72,100.02,6.38,120.01,120.53,4783.83,4600.47,32088.71
160.0,40.0,24.77,7.72,100.02,6.38,120.02,120.53,4783.49,4599.74,32272.46
161.0,40.0,24.78,7.72,100.03,6.38,120.02,120.53,4783.15,4598.95,32456.66
162.0,40.0,24.79,7.72,100.04,6.38,120.03,120.53,4782.81,4598.04,32641.42
163.0,40.0,24.8,7.72,100.04,6.37,120.03,120.53,4782.47,4596.94,32826.95
164.0,40.0,24.81,7.72,100.04,6.37,120.03,120.53,4782.13,4595.86,33013.23
165.0,40.0,24.83,7.72,100.04,6.37,120.04,120.53,4781.81,4594.8,33200.24
166.0,40.0,24.84,7.72,100.04,6.37,120.04,120.53,4781.49,4593.69,33388.04
167.0,40.0,24.85,7.71,100.04,6.37,120.03,120.53,4781.19,4592.6,33576.63
168.0,40.0,24.86,7.71,100.04,6.37,120.03,120.53,4780.89,4591.6,33765.92
169.0,40.0,24.87,7.71,100.03,6.36,120.03,120.53,4780.61,4590.63,33955.89
170.0,40.0,24.88,7.71,100.03,6.36,120.02,120.53,4780.34,4589.81,34146.42
171.0,40.0,24.89,7.71,100.03,6.36,120.02,120.53,4780.08,4589.08,34337.43
172.0,40.0,24.89,7.71,100.02,6.36,120.02,120.53,4779.84,4588.37,34528.9
173.0,40.0,24.9,7.71,100.02,6.36,120.01,120.53,4779.61,4587.8,34720.71
174.0,40.0,24.91,7.71,100.02,6.36,120.01,120.53,4779.39,4587.32,34912.79
175.0,40.0,24.91,7.71,100.01,6.36,120.0,120.53,4779.18,4586.84,35105.13
176.0,40.0,24.92,7.71,100.01,6.36,120.0,120.53,4778.99,4586.59,35297.53
177.0,40.0,24.93,7.71,100.01,6.36,120.0,120.53,4778.81,4586.34,35490.0
178.0,40.0,24.93,7.71,100.01,6.36,119.99,120.53,4778.64,4586.1,35682.53
179.0,40.0,24.94,7.71,100.0,6.36,119.99,120.53,4778.48,4585.94,35875.07
180.0,40.0,24.94,7.71,100.0,6.36,119.99,120.53,4778.33,4585.93,36067.47
181.0,40.0,24.95,7.71,100.0,6.36,119.99,120.53,4778.19,4585.91,36259.75
182.0,40.0,24.95,7.71,100.0,6.36,119.99,120.53,4778.06,4585.9,36451.91
183.0,40.0,24.95,7.71,100.0,6.36,119.99,120.53,4777.94,4585.89,36643.96
184.0,40.0,24.96,7.71,100.01,6.36,119.99,120.53,4777.82,4585.88,36835.9
185.0,40.0,24.96,7.71,100.01,6.36,119.99,120.53,4777.72,4585.74,37027.88
186.0,40.0,24.96,7.71,100.01,6.36,119.99,120.53,4777.62,4585.61,37219.89
187.0,40.0,24.97,7.7,100.01,6.36,119.99,120.53,4777.53,4585.49,37411.92
188.0,40.0,24.97,7.7,100.0,6.36,119.99,120.53,4777.45,4585.38,37603.99
189.0,40.0,24.97,7.7,100.0,6.36,119.99,120.53,4777.37,4585.41,37795.95
190.0,40.0,24.97,7.7,100.0,6.36,119.99,120.53,4777.3,4585.44,37987.81
191.0,40.0,24.98,7.7,100.01,6.37,119.99,120.53,4777.23,4585.47,38179.57
192.0,40.0,24.98,7.7,100.0,6.37,119.99,120.53,4777.17,4585.37,38371.37
193.0,40.0,24.98,7.7,100.0,6.37,119.99,120.53,4777.11,4585.41,38563.08
194.0,40.0,24.98,7.7,100.01,6.37,119.99,120.53,4777.06,4585.45,38754.69
195.0,40.0,24.98,7.7,100.0,6.37,120.0,120.53,4777.01,4585.36,38946.34
196.0,40.0,24.98,7.7,100.0,6.37,120.0,120.53,4776.97,4585.33,39137.98
197.0,40.0,24.99,7.7,100.0,6.37,120.0,120.53,4776.93,4585.3,39329.6
198.0,40.0,24.99,7.7,100.01,6.37,120.0,120.53,4776.89,4585.28,39521.21
199.0,40.0,24.99,7.7,100.0,6.37,120.0,120.53,4776.85,4585.12,39712.95
200.0,40.0,24.99,7.7,100.0,6.37,120.0,120.53,4776.82,4585.1,39904.68
201.0,40.0,24.99,7.7,100.0,6.37,120.0,120.53,4776.79,4585.08,40096.39
202.0,40.0,24.99,7.7,100.0,6.37,120.0,120.53,4776.77,4585.06,40288.1
203.0,40.0,24.99,7.7,100.0,6.37,120.0,120.53,4776.74,4585.04,40479.8
204.0,40.0,24.99,7.7,100.0,6.37,120.0,120.53,4776.72,4585.02,40671.5
205.0,40.0,24.99,7.7,100.01,6.37,120.0,120.53,4776.7,4585.01,40863.19
206.0,40.0,24.99,7.7,100.0,6.37,120.0,120.53,4776.68,4584.86,41055.01
207.0,40.0,24.99,7.7,100.0,6.37,120.0,120.53,4776.66,4584.85,41246.82
208.0,40.0,24.99,7.7,100.0,6.37,120.0,120.53,4776.64,4584.84,41438.62
209.0,40.0,25.0,7.7,100.0,6.37,120.0,120.53,4776.63,4584.83,41630.42
210.0,40.0,25.0,7.7,100.0,6.37,120.0,120.53,4776.61,4584.82,41822.22
211.0,40.0,25.0,7.7,100.0,6.37,120.0,120.53,4776.6,4584.81,42014.01
212.0,40.0,25.0,7.7,100.0,6.37,120.0,120.53,4776.59,4584.8,42205.79
213.0,40.0,25.0,7.7,100.0,6.37,120.0,120.53,4776.58,4584.8,42397.58
214.0,40.0,25.0,7.7,100.0,6.37,120.0,120.53,4776.57,4584.79,42589.36
215.0,40.0,25.0,7.7,100.0,6.37,120.0,120.53,4776.56,4584.78,42781.14
216.0,40.0,25.0,7.7,100.0,6.37,120.0,120.53,4776.55,4584.78,42972.92
217.0,40.0,25.0,7.7,100.0,6.37,120.0,120.53,4776.55,4584.77,43164.69
218.0,40.0,25.0,7.7,100.0,6.37,120.0,120.53,4776.54,4584.76,43356.47
219.0,40.0,25.0,7.7,100.01,6.37,120.0,120.53,4776.53,4584.76,43548.24
220.0,40.0,25.0,7.7,100.0,6.37,120.0,120.53,4776.53,4584.62,43740.15
221.0,40.0,25.0,7.7,100.0,6.37,120.0,120.53,4776.52,4584.62,43932.05
222.0,40.0,25.0,7.7,100.0,6.37,120.0,120.53,4776.52,4584.62,44123.95
223.0,40.0,25.0,7.7,100.0,6.37,120.0,120.53,4776.51,4584.62,44315.84
224.0,40.0,25.0,7.7,100.0,6.37,120.0,120.53,4776.51,4584.62,44507.73
225.0,40.0,25.0,7.7,100.0,6.37,120.0,120.53,4776.51,4584.62,44699.62
226.0,40.0,25.0,7.7,100.0,6.37,120.0,120.53,4776.5,4584.62,44891.51
227.0,40.0,25.0,7.7,100.0,6.37,120.0,120.53,4776.5,4584.62,45083.39
228.0,40.0,25.0,7.7,100.0,6.37,120.0,120.53,4776.5,4584.62,45275.28
229.0,40.0,25.0,7.7,100.0,6.37,120.0,120.53,4776.5,4584.61,45467.16
230.0,40.0,25.0,7.7,100.0,6.37,120.0,120.53,4776.49,4584.61,45659.04
231.0,40.0,25.0,7.7,100.0,6.37,120.0,120.53,4776.49,4584.61,45850.92
232.0,40.0,25.0,7.7,100.0,6.37,120.0,120.53,4776.49,4584.61,46042.8
233.0,40.0,25.0,7.7,100.0,6.37,120.0,120.53,4776.49,4584.61,46234.67
234.0,40.0,25.0,7.7,100.0,6.37,120.0,120.53,4776.49,4584.61,46426.55
235.0,40.0,25.0,7.7,100.0,6.37,120.0,120.53,4776.48,4584.61,46618.43
236.0,40.0,25.0,7.7,100.0,6.37,120.0,120.53,4776.48,4584.61,46810.3
237.0,40.0,25.0,7.7,100.0,6.37,120.0,120.53,4776.48,4584.61,47002.18
238.0,40.0,25.0,7.7,100.0,6.37,120.0,120.53,4776.48,4584.6,47194.06
239.0,40.0,25.0,7.7,100.0,6.37,120.0,120.53,4776.48,4584.6,47385.93
240.0,65.0,25.0,7.7,100.0,6.37,120.0,120.53,7611.78,7318.07,47679.64
241.0,65.0,25.0,7.7,100.0,6.37,120.0,120.53,7611.78,7318.07,47973.34
242.0,65.0,25.0,7.7,100.0,6.37,120.0,120.53,7611.78,7318.07,48267.05
243.0,65.0,25.0,7.7,100.0,6.37,120.0,120.53,7611.77,7318.07,48560.75
244.0,65.0,25.0,7.7,100.0,6.37,120.0,120.53,7611.77,7318.07,48854.45
245.0,65.0,25.0,7.7,100.0,6.37,120.0,120.53,7611.77,7318.07,49148.16
246.0,65.0,25.0,7.7,100.0,6.37,120.0,120.53,7611.77,7318.07,49441.86
247.0,65.0,25.0,7.7,100.0,6.37,120.0,120.53,7611.77,7318.07,49735.57
248.0,65.0,25.0,7.7,100.0,6.37,120.0,120.53,7611.77,7318.07,50029.27
249.0,65.0,25.0,7.7,100.0,6.37,120.0,120.53,7611.77,7318.07,50322.97
250.0,65.0,25.0,7.7,100.0,6.37,120.0,120.53,7611.77,7318.07,50616.68
251.0,65.0,25.0,7.7,100.0,6.37,120.0,120.53,7611.77,7318.07,50910.38
252.0,65.0,25.0,7.7,100.0,6.37,120.0,120.53,7611.77,7318.07,51204.08
253.0,65.0,25.0,7.7,100.0,6.37,120.0,120.53,7611.77,7318.06,51497.79
254.0,65.0,25.0,7.7,100.0,6.37,120.0,120.53,7611.77,7318.06,51791.49
255.0,65.0,25.0,7.7,100.0,6.37,120.0,120.53,7611.77,7318.06,52085.19
256.0,65.0,25.0,7.7,100.0,6.37,120.0,120.53,7611.77,7318.06,52378.9
257.0,65.0,25.0,7.7,100.0,6.37,120.0,120.53,7611.77,7318.06,52672.6
258.0,65.0,25.0,7.7,100.0,6.37,120.0,120.53,7611.77,7318.06,52966.3
259.0,65.0,25.0,7.7,100.0,6.37,120.0,120.53,7611.77,7318.06,53260.01
260.0,65.0,25.0,7.7,100.0,6.37,120.0,120.53,7611.77,7318.06,53553.71
261.0,65.0,25.0,7.7,100.0,6.37,120.0,120.53,7611.77,7318.06,53847.41
262.0,65.0,25.0,7.7,100.0,6.37,120.0,120.53,7611.77,7318.06,54141.11
263.0,65.0,25.0,7.7,100.0,6.37,120.0,120.53,7611.77,7318.06,54434.82
264.0,65.0,25.0,7.7,100.0,6.37,120.0,120.53,7611.77,7318.06,54728.52
265.0,65.0,25.0,7.7,100.0,6.37,120.0,120.53,7611.77,7318.06,55022.22
266.0,65.0,25.0,7.7,100.0,6.37,120.0,120.53,7611.76,7318.06,55315.93
267.0,65.0,25.0,7.7,100.0,6.37,120.0,120.53,7611.76,7318.06,55609.63
268.0,65.0,25.0,7.7,100.0,6.37,120.0,120.53,7611.76,7318.06,55903.33
269.0,65.0,25.0,7.7,100.0,6.37,120.0,120.53,7611.76,7318.06,56197.04
270.0,65.0,25.0,7.7,100.0,6.37,120.0,120.53,7611.76,7318.06,56490.74
271.0,65.0,25.0,7.7,100.0,6.37,120.0,120.53,7611.76,7318.06,56784.44
272.0,65.0,25.0,7.7,100.0,6.37,120.0,120.53,7611.76,7318.06,57078.15
273.0,65.0,25.0,7.7,100.0,6.37,120.0,120.53,7611.76,7318.06,57371.85
274.0,65.0,25.0,7.7,100.0,6.37,120.0,120.53,7611.76,7318.06,57665.55
275.0,65.0,25.0,7.7,100.0,6.37,120.0,120.53,7611.76,7318.06,57959.26
276.0,65.0,25.0,7.7,100.0,6.37,120.0,120.53,7611.76,7318.06,58252.96
277.0,65.0,25.0,7.7,100.0,6.37,120.0,120.53,7611.76,7318.06,58546.66
278.0,65.0,25.0,7.7,100.0,6.37,120.0,120.53,7611.76,7318.06,58840.36
279.0,65.0,25.0,7.7,100.0,6.37,120.0,120.53,7611.76,7318.06,59134.07
280.0,65.0,25.0,7.7,100.0,6.37,120.0,120.53,7611.76,7318.06,59427.77
281.0,65.0,25.0,7.7,100.0,6.37,120.0,120.53,7611.76,7318.06,59721.47
282.0,65.0,25.0,7.7,100.0,6.37,120.0,120.53,7611.76,7318.06,60015.18
283.0,65.0,25.0,7.7,100.0,6.37,120.0,120.53,7611.76,7318.06,60308.88
284.0,65.0,25.0,7.7,100.0,6.37,120.0,120.53,7611.76,7318.06,60602.58
285.0,65.0,25.0,7.7,100.0,6.37,120.0,120.53,7611.76,7318.06,60896.29
286.0,65.0,25.0,7.7,100.0,6.37,120.0,120.53,7611.76,7318.06,61189.99
287.0,65.0,25.0,7.7,100.0,6.37,120.0,120.53,7611.76,7318.06,61483.69
288.0,65.0,25.0,7.7,100.0,6.37,120.0,120.53,7611.76,7318.06,61777.4
289.0,65.0,25.0,7.7,100.0,6.37,120.0,120.53,7611.76,7318.06,62071.1
290.0,65.0,25.0,7.7,100.0,6.37,120.0,120.53,7611.76,7318.06,62364.8
291.0,65.0,25.0,7.7,100.0,6.37,120.0,120.53,7611.76,7318.06,62658.51
292.0,65.0,25.0,7.7,100.0,6.37,120.0,120.53,7611.76,7318.06,62952.21
293.0,65.0,25.0,7.7,100.0,6.37,120.0,120.53,7611.76,7318.06,63245.91
294.0,65.0,25.0,7.7,100.0,6.37,120.0,120.53,7611.76,7318.06,63539.61
295.0,65.0,25.0,7.7,100.0,6.37,120.0,120.53,7611.76,7318.06,63833.32
296.0,65.0,25.0,7.7,100.0,6.37,120.0,120.53,7611.76,7318.06,64127.02
297.0,65.0,25.0,7.7,100.0,6.37,120.0,120.53,7611.76,7318.06,64420.72
298.0,65.0,25.0,7.7,100.0,6.37,120.0,120.53,7611.76,7318.06,64714.43
299.0,65.0,25.0,7.7,100.0,6.37,120.0,120.53,7611.76,7318.06,65008.13
300.0,65.0,25.0,7.7,100.0,6.37,120.0,120.53,7611.76,7318.06,65301.83
301.0,65.0,25.0,7.7,100.0,6.37,120.0,120.53,7611.76,7318.06,65595.54
302.0,65.0,25.0,7.7,100.0,6.37,120.0,120.53,7611.76,7318.06,65889.24
303.0,65.0,25.0,7.7,100.0,6.37,120.0,120.53,7611.76,7318.06,66182.94
304.0,65.0,25.0,7.7,100.0,6.37,120.0,120.53,7611.76,7318.06,66476.65
305.0,65.0,25.0,7.7,100.0,6.37,120.0,120.53,7611.76,7318.06,66770.35
306.0,65.0,25.0,7.7,100.0,6.37,120.0,120.53,7611.76,7318.06,67064.05
307.0,65.0,25.0,7.7,100.0,6.37,120.0,120.53,7611.76,7318.06,67357.76
308.0,65.0,25.0,7.7,100.0,6.37,120.0,120.53,7611.76,7318.06,67651.46
309.0,65.0,25.0,7.7,100.0,6.37,120.0,120.53,7611.76,7318.06,67945.16
310.0,65.0,25.0,7.7,100.0,6.37,120.0,120.53,7611.76,7318.06,68238.86
311.0,65.0,25.0,7.7,100.0,6.37,120.0,120.53,7611.76,7318.06,68532.57
312.0,65.0,25.0,7.7,100.0,6.37,120.0,120.53,7611.76,7318.06,68826.27
313.0,65.0,25.0,7.7,100.0,6.37,120.0,120.53,7611.76,7318.06,69119.97
314.0,65.0,25.0,7.7,100.0,6.37,120.0,120.53,7611.76,7318.06,69413.68
315.0,65.0,25.0,7.7,100.0,6.37,120.0,120.53,7611.76,7318.06,69707.38
316.0,65.0,25.0,7.7,100.0,6.37,120.0,120.53,7611.76,7318.06,70001.08
317.0,65.0,25.0,7.7,100.0,6.37,120.0,120.53,7611.76,7318.06,70294.79
318.0,65.0,25.0,7.7,100.0,6.37,120.0,120.53,7611.76,7318.06,70588.49
319.0,65.0,25.0,7.7,100.0,6.37,120.0,120.53,7611.76,7318.06,70882.19
320.0,65.0,25.0,7.7,100.0,6.37,120.0,120.53,7611.76,7318.06,71175.9
321.0,65.0,25.0,7.7,100.0,6.37,120.0,120.53,7611.76,7318.06,71469.6
322.0,65.0,25.0,7.7,100.0,6.37,120.0,120.53,7611.76,7318.06,71763.3
323.0,65.0,24.55,7.7,99.96,6.37,120.0,120.53,7630.02,7335.07,72058.24
324.0,65.0,24.19,7.7,99.9,6.37,119.98,120.49,7645.14,7350.15,72353.24
325.0,65.0,23.91,7.71,99.83,6.37,119.97,120.55,7657.5,7364.23,72646.51
326.0,65.0,23.69,7.71,99.76,6.37,119.94,120.52,7667.42,7377.64,72936.28
327.0,65.0,23.52,7.72,99.7,6.37,119.92,120.52,7675.2,7390.87,73220.61
328.0,65.0,23.41,7.73,99.66,6.38,119.89,120.49,7681.12,7403.76,73497.97
329.0,65.0,23.33,7.74,99.63,6.38,119.87,120.49,7685.43,7416.22,73767.17
330.0,65.0,23.28,7.75,99.62,6.39,119.86,120.47,7688.36,7428.11,74027.42
331.0,65.0,23.26,7.76,99.63,6.4,119.85,120.47,7690.12,7439.04,74278.49
332.0,65.0,23.26,7.77,99.66,6.4,119.85,120.47,7690.88,7448.78,74520.59
333.0,65.0,23.27,7.78,99.7,6.41,119.86,120.47,7690.8,7456.94,74754.44
334.0,65.0,23.31,7.79,99.75,6.42,119.88,120.47,7690.04,7463.36,74981.12
335.0,65.0,23.35,7.8,99.81,6.42,119.9,120.47,7688.71,7467.85,75201.98
336.0,65.0,23.4,7.8,99.87,6.43,119.94,120.47,7686.92,7470.35,75418.54
337.0,65.0,23.46,7.81,99.93,6.43,119.97,120.5,7684.76,7470.74,75632.57
338.0,65.0,23.52,7.81,99.99,6.43,120.01,120.5,7682.33,7469.27,75845.63
339.0,65.0,23.58,7.81,100.05,6.43,120.05,120.5,7679.69,7465.91,76059.41
340.0,65.0,23.65,7.81,100.1,6.43,120.08,120.5,7676.9,7460.76,76275.55
341.0,65.0,23.72,7.81,100.14,6.43,120.12,120.5,7674.01,7454.22,76495.35
342.0,65.0,23.78,7.8,100.18,6.42,120.15,120.5,7671.07,7446.44,76719.98
343.0,65.0,23.85,7.8,100.2,6.41,120.17,120.5,7668.11,7437.59,76950.5
344.0,65.0,23.92,7.79,100.22,6.4,120.19,120.53,7665.16,7428.25,77187.41
345.0,65.0,23.98,7.78,100.23,6.39,120.2,120.53,7662.25,7418.43,77431.24
346.0,65.0,24.04,7.78,100.23,6.38,120.21,120.55,7659.4,7408.47,77682.17
347.0,65.0,24.1,7.77,100.23,6.37,120.2,120.49,7656.62,7398.6,77940.19
348.0,65.0,24.16,7.76,100.22,6.36,120.19,120.49,7653.93,7389.05,78205.07
349.0,65.0,24.21,7.76,100.2,6.35,120.18,120.49,7651.33,7380.02,78476.38
350.0,65.0,24.27,7.75,100.18,6.35,120.16,120.51,7648.84,7371.72,78753.5
351.0,65.0,24.32,7.75,100.16,6.34,120.14,120.51,7646.45,7364.23,79035.72
352.0,65.0,24.36,7.74,100.14,6.33,120.11,120.56,7644.17,7357.56,79322.33
353.0,65.0,24.41,7.74,100.12,6.33,120.09,120.56,7642.01,7351.8,79612.54
354.0,65.0,24.45,7.73,100.11,6.32,120.06,120.56,7639.95,7346.81,79905.68
355.0,65.0,24.49,7.73,100.09,6.32,120.04,120.56,7638.01,7342.48,80201.2
356.0,65.0,24.53,7.73,100.07,6.32,120.01,120.55,7636.17,7338.92,80498.46
357.0,65.0,24.56,7.72,100.06,6.32,119.99,120.55,7634.44,7336.22,80796.68
358.0,65.0,24.59,7.72,100.05,6.32,119.97,120.55,7632.81,7334.03,81095.46
359.0,65.0,24.62,7.72,100.04,6.32,119.95,120.55,7631.29,7332.36,81394.39
360.0,65.0,24.65,7.72,100.03,6.32,119.94,120.55,7629.85,7331.19,81693.05
361.0,65.0,24.68,7.72,100.03,6.32,119.93,120.55,7628.51,7330.41,81991.16
362.0,65.0,24.7,7.72,100.02,6.33,119.92,120.55,7627.26,7329.79,82288.63
363.0,65.0,24.73,7.72,100.02,6.33,119.92,120.55,7626.09,7329.55,82585.17
364.0,65.0,24.75,7.72,100.02,6.33,119.92,120.55,7625.0,7329.35,82880.82
365.0,65.0,24.77,7.72,100.02,6.34,119.92,120.55,7623.99,7329.19,83175.62
366.0,65.0,24.79,7.72,100.02,6.34,119.92,120.55,7623.04,7329.07,83469.6
367.0,65.0,24.8,7.72,100.02,6.35,119.93,120.55,7622.17,7328.99,83762.78
368.0,65.0,24.82,7.72,100.02,6.35,119.93,120.55,7621.35,7328.82,84055.31
369.0,65.0,24.76,7.71,100.02,6.35,119.94,120.55,7623.7,7331.6,84347.41
370.0,65.0,24.71,7.71,100.01,6.36,119.94,120.53,7625.57,7333.81,84639.17
371.0,65.0,24.67,7.71,100.0,6.36,119.95,120.53,7627.02,7335.84,84930.34
372.0,65.0,24.65,7.71,99.98,6.36,119.95,120.53,7628.1,7337.62,85220.83
373.0,65.0,24.63,7.71,99.97,6.36,119.95,120.53,7628.87,7339.51,85510.19
374.0,65.0,24.62,7.72,99.97,6.37,119.96,120.53,7629.37,7341.33,85798.22
375.0,65.0,24.62,7.72,99.96,6.37,119.96,120.53,7629.63,7342.78,86085.06
376.0,65.0,24.62,7.72,99.96,6.37,119.96,120.53,7629.69,7344.22,86370.53
377.0,65.0,24.62,7.72,99.96,6.37,119.97,120.53,7629.58,7345.47,86654.65
378.0,65.0,24.63,7.72,99.96,6.37,119.97,120.53,7629.34,7346.44,86937.55
379.0,65.0,24.64,7.72,99.96,6.38,119.97,120.53,7628.99,7347.27,87219.27
380.0,65.0,24.65,7.72,99.97,6.38,119.98,120.53,7628.54,7348.0,87499.81
381.0,65.0,24.66,7.72,99.98,6.38,119.99,120.53,7628.02,7348.31,87779.52
382.0,65.0,24.67,7.72,99.99,6.38,119.99,120.53,7627.45,7348.21,88058.76
383.0,65.0,24.69,7.72,100.0,6.38,120.0,120.53,7626.84,7347.87,88337.74
384.0,65.0,24.7,7.72,100.01,6.38,120.01,120.53,7626.2,7347.16,88616.78
385.0,65.0,24.72,7.72,100.02,6.38,120.01,120.53,7625.55,7346.12,88896.21
386.0,65.0,24.73,7.72,100.02,6.38,120.02,120.53,7624.88,7344.87,89176.22
387.0,65.0,24.75,7.72,100.03,6.38,120.02,120.53,7624.22,7343.52,89456.91
388.0,65.0,24.76,7.72,100.03,6.38,120.03,120.53,7623.56,7341.99,89738.49
389.0,65.0,24.78,7.72,100.04,6.37,120.03,120.53,7622.91,7340.36,90021.04
390.0,65.0,24.79,7.72,100.04,6.37,120.04,120.53,7622.27,7338.55,90304.77
391.0,65.0,24.8,7.72,100.04,6.37,120.04,120.53,7621.66,7336.65,90589.77
392.0,65.0,24.82,7.72,100.04,6.37,120.04,120.53,7621.06,7334.8,90876.03
393.0,65.0,24.83,7.72,100.04,6.37,120.04,120.53,7620.48,7332.98,91163.53
394.0,65.0,24.84,7.71,100.04,6.36,120.03,120.53,7619.93,7331.2,91452.26
395.0,65.0,24.85,7.71,100.04,6.36,120.03,120.53,7619.4,7329.58,91742.09
396.0,65.0,24.86,7.71,100.03,6.36,120.03,120.53,7618.9,7327.99,92032.99
397.0,65.0,24.87,7.71,100.03,6.36,120.02,120.53,7618.42,7326.65,92324.76
398.0,65.0,24.88,7.71,100.03,6.36,120.02,120.53,7617.97,7325.46,92617.27
399.0,65.0,24.89,7.71,100.02,6.36,120.01,120.53,7617.54,7324.29,92910.51
400.0,65.0,24.9,7.71,100.02,6.36,120.01,120.53,7617.13,7323.48,93204.16
401.0,65.0,24.9,7.71,100.02,6.36,120.0,120.53,7616.75,7322.69,93498.23
402.0,65.0,24.91,7.71,100.02,6.36,120.0,120.53,7616.39,7322.04,93792.58
403.0,65.0,24.92,7.71,100.01,6.36,120.0,120.53,7616.06,7321.4,94087.24
404.0,65.0,24.92,7.71,100.01,6.36,119.99,120.53,7615.74,7320.99,94381.99
405.0,65.0,24.93,7.71,100.01,6.36,119.99,120.53,7615.45,7320.72,94676.72
406.0,65.0,24.94,7.71,100.01,6.36,119.99,120.53,7615.17,7320.45,94971.44
407.0,65.0,24.94,7.71,100.01,6.36,119.99,120.53,7614.91,7320.2,95266.15
408.0,65.0,24.94,7.71,100.0,6.36,119.99,120.53,7614.67,7319.95,95560.87
409.0,65.0,24.95,7.71,100.0,6.36,119.98,120.53,7614.45,7319.93,95855.39
410.0,65.0,24.95,7.71,100.0,6.36,119.98,120.53,7614.24,7320.04,96149.59
411.0,65.0,24.96,7.71,100.0,6.36,119.98,120.53,7614.05,7320.15,96443.49
412.0,65.0,24.96,7.71,100.0,6.36,119.98,120.53,7613.87,7320.27,96737.09
413.0,65.0,24.96,7.71,100.0,6.36,119.99,120.53,7613.7,7320.39,97030.41
414.0,65.0,24.97,7.71,100.01,6.36,119.99,120.53,7613.55,7320.39,97323.56
415.0,65.0,24.97,7.71,100.01,6.37,119.99,120.53,7613.41,7320.19,97616.78
416.0,65.0,24.97,7.7,100.01,6.37,119.99,120.53,7613.28,7320.0,97910.06
417.0,65.0,24.97,7.7,100.01,6.37,119.99,120.53,7613.15,7319.82,98203.39
418.0,65.0,24.98,7.7,100.01,6.37,119.99,120.53,7613.04,7319.66,98496.78
419.0,65.0,24.98,7.7,100.0,6.37,120.0,120.53,7612.94,7319.5,98790.21
420.0,65.0,24.98,7.7,100.0,6.37,120.0,120.53,7612.84,7319.44,99083.61
421.0,65.0,24.98,7.7,100.0,6.37,120.0,120.53,7612.75,7319.39,99376.98
422.0,65.0,24.98,7.7,100.0,6.37,120.0,120.53,7612.67,7319.33,99670.32
423.0,65.0,24.98,7.7,100.0,6.37,120.0,120.53,7612.6,7319.28,99963.64
424.0,65.0,24.99,7.7,100.0,6.37,120.0,120.53,7612.53,7319.23,100256.93
425.0,65.0,24.99,7.7,100.0,6.37,120.0,120.53,7612.46,7319.18,100550.22
426.0,65.0,24.99,7.7,100.0,6.37,120.0,120.53,7612.4,7319.14,100843.48
427.0,65.0,24.99,7.7,100.01,6.37,120.0,120.53,7612.35,7319.09,101136.74
428.0,65.0,24.99,7.7,100.0,6.37,120.0,120.53,7612.3,7318.84,101430.2
429.0,65.0,24.99,7.7,100.0,6.37,120.0,120.53,7612.26,7318.81,101723.65
430.0,65.0,24.99,7.7,100.0,6.37,120.0,120.53,7612.21,7318.78,102017.08
431.0,65.0,24.99,7.7,100.01,6.37,120.0,120.53,7612.18,7318.75,102310.51
432.0,65.0,24.99,7.7,100.0,6.37,120.0,120.53,7612.14,7318.51,102604.13
433.0,65.0,24.99,7.7,100.0,6.37,120.0,120.53,7612.11,7318.5,102897.75
434.0,65.0,24.99,7.7,100.0,6.37,120.0,120.53,7612.08,7318.48,103191.35
435.0,65.0,24.99,7.7,100.0,6.37,120.0,120.53,7612.05,7318.46,103484.94
436.0,65.0,25.0,7.7,100.0,6.37,120.0,120.53,7612.03,7318.45,103778.52
437.0,65.0,25.0,7.7,100.0,6.37,120.0,120.53,7612.0,7318.43,104072.09
438.0,65.0,25.0,7.7,100.0,6.37,120.0,120.53,7611.98,7318.42,104365.66
439.0,65.0,25.0,7.7,100.0,6.37,120.0,120.53,7611.96,7318.4,104659.22
440.0,65.0,25.0,7.7,100.0,6.37,120.0,120.53,7611.95,7318.39,104952.77
441.0,65.0,25.0,7.7,100.0,6.37,120.0,120.53,7611.93,7318.38,105246.33
442.0,65.0,25.0,7.7,100.0,6.37,120.0,120.53,7611.92,7318.37,105539.88
443.0,65.0,25.0,7.7,100.0,6.37,120.0,120.53,7611.9,7318.35,105833.43
444.0,65.0,25.0,7.7,100.0,6.37,120.0,120.53,7611.89,7318.34,106126.97
445.0,65.0,25.0,7.7,100.0,6.37,120.0,120.53,7611.88,7318.34,106420.52
446.0,65.0,25.0,7.7,100.0,6.37,120.0,120.53,7611.87,7318.33,106714.06
447.0,65.0,25.0,7.7,100.01,6.37,120.0,120.53,7611.86,7318.32,107007.6
448.0,65.0,25.0,7.7,100.0,6.37,120.0,120.53,7611.85,7318.1,107301.36
449.0,65.0,25.0,7.7,100.0,6.37,120.0,120.53,7611.84,7318.1,107595.1
450.0,65.0,25.0,7.7,100.0,6.37,120.0,120.53,7611.84,7318.1,107888.84
451.0,65.0,25.0,7.7,100.0,6.37,120.0,120.53,7611.83,7318.1,108182.57
452.0,65.0,25.0,7.7,100.0,6.37,120.0,120.53,7611.82,7318.1,108476.3
453.0,65.0,25.0,7.7,100.0,6.37,120.0,120.53,7611.82,7318.1,108770.03
454.0,65.0,25.0,7.7,100.0,6.37,120.0,120.53,7611.81,7318.09,109063.75
455.0,65.0,25.0,7.7,100.0,6.37,120.0,120.53,7611.81,7318.09,109357.46
456.0,65.0,25.0,7.7,100.0,6.37,120.0,120.53,7611.81,7318.09,109651.18
457.0,65.0,25.0,7.7,100.0,6.37,120.0,120.53,7611.8,7318.09,109944.89
458.0,65.0,25.0,7.7,100.0,6.37,120.0,120.53,7611.8,7318.09,110238.6
459.0,65.0,25.0,7.7,100.0,6.37,120.0,120.53,7611.8,7318.09,110532.31
460.0,65.0,25.0,7.7,100.0,6.37,120.0,120.53,7611.79,7318.08,110826.02
461.0,65.0,25.0,7.7,100.0,6.37,120.0,120.53,7611.79,7318.08,111119.73
462.0,65.0,25.0,7.7,100.0,6.37,120.0,120.53,7611.79,7318.08,111413.44
463.0,65.0,25.0,7.7,100.0,6.37,120.0,120.53,7611.79,7318.08,111707.14
464.0,65.0,25.0,7.7,100.0,6.37,120.0,120.53,7611.78,7318.08,112000.85
465.0,65.0,25.0,7.7,100.0,6.37,120.0,120.53,7611.78,7318.08,112294.56
466.0,65.0,25.0,7.7,100.0,6.37,120.0,120.53,7611.78,7318.07,112588.26
467.0,65.0,25.0,7.7,100.0,6.37,120.0,120.53,7611.78,7318.07,112881.97
468.0,65.0,25.0,7.7,100.0,6.37,120.0,120.53,7611.78,7318.07,113175.67
469.0,65.0,25.0,7.7,100.0,6.37,120.0,120.53,7611.78,7318.07,113469.37
470.0,65.0,25.0,7.7,100.0,6.37,120.0,120.53,7611.77,7318.07,113763.08
471.0,65.0,25.0,7.7,100.0,6.37,120.0,120.53,7611.77,7318.07,114056.78
472.0,65.0,25.0,7.7,100.0,6.37,120.0,120.53,7611.77,7318.07,114350.49
473.0,65.0,25.0,7.7,100.0,6.37,120.0,120.53,7611.77,7318.07,114644.19
474.0,65.0,25.0,7.7,100.0,6.37,120.0,120.53,7611.77,7318.07,114937.89
475.0,65.0,25.0,7.7,100.0,6.37,120.0,120.53,7611.77,7318.07,115231.6
476.0,65.0,25.0,7.7,100.0,6.37,120.0,120.53,7611.77,7318.07,115525.3
477.0,65.0,25.0,7.7,100.0,6.37,120.0,120.53,7611.77,7318.07,115819.0
478.0,65.0,25.0,7.7,100.0,6.37,120.0,120.53,7611.77,7318.07,116112.71
479.0,65.0,25.0,7.7,100.0,6.37,120.0,120.53,7611.77,7318.07,116406.41
480.0,65.0,25.0,7.7,100.0,6.37,120.0,120.53,7611.77,7318.06,116700.11
481.0,65.0,25.0,7.7,100.0,6.37,120.0,120.53,7611.77,7318.06,116993.82
482.0,65.0,25.0,7.7,100.0,6.37,120.0,120.53,7611.77,7318.06,117287.52
483.0,65.0,25.0,7.7,100.0,6.37,120.0,120.53,7611.77,7318.06,117581.22
484.0,65.0,25.0,7.7,100.0,6.37,120.0,120.53,7611.77,7318.06,117874.93
485.0,65.0,25.0,7.7,100.0,6.37,120.0,120.53,7611.77,7318.06,118168.63
486.0,65.0,25.0,7.7,100.0,6.37,120.0,120.53,7611.77,7318.06,118462.33
487.0,65.0,25.0,7.7,100.0,6.37,120.0,120.53,7611.77,7318.06,118756.04
488.0,65.0,25.0,7.7,100.0,6.37,120.0,120.53,7611.77,7318.06,119049.74
489.0,65.0,25.0,7.7,100.0,6.37,120.0,120.53,7611.77,7318.06,119343.44
490.0,65.0,25.0,7.7,100.0,6.37,120.0,120.53,7611.77,7318.06,119637.15
491.0,65.0,25.0,7.7,100.0,6.37,120.0,120.53,7611.77,7318.06,119930.85
492.0,65.0,25.0,7.7,100.0,6.37,120.0,120.53,7611.77,7318.06,120224.55
493.0,65.0,25.0,7.7,100.0,6.37,120.0,120.53,7611.76,7318.06,120518.26
494.0,65.0,25.0,7.7,100.0,6.37,120.0,120.53,7611.76,7318.06,120811.96
495.0,65.0,25.0,7.7,100.0,6.37,120.0,120.53,7611.76,7318.06,121105.66
496.0,65.0,25.0,7.7,100.0,6.37,120.0,120.53,7611.76,7318.06,121399.37
497.0,65.0,25.0,7.7,100.0,6.37,120.0,120.53,7611.76,7318.06,121693.07
498.0,65.0,25.0,7.7,100.0,6.37,120.0,120.53,7611.76,7318.06,121986.77
499.0,65.0,25.0,7.7,100.0,6.37,120.0,120.53,7611.76,7318.06,122280.47
500.0,65.0,25.0,7.7,100.0,6.37,120.0,120.53,7611.76,7318.06,122574.18
501.0,65.0,25.0,7.7,100.0,6.37,120.0,120.53,7611.76,7318.06,122867.88
502.0,65.0,25.0,7.7,100.0,6.37,120.0,120.53,7611.76,7318.06,123161.58
503.0,65.0,25.0,7.7,100.0,6.37,120.0,120.53,7611.76,7318.06,123455.29
504.0,65.0,25.0,7.7,100.0,6.37,120.0,120.53,7611.76,7318.06,123748.99
505.0,65.0,25.0,7.7,100.0,6.37,120.0,120.53,7611.76,7318.06,124042.69
506.0,65.0,25.0,7.7,100.0,6.37,120.0,120.53,7611.76,7318.06,124336.4
507.0,65.0,25.0,7.7,100.0,6.37,120.0,120.53,7611.76,7318.06,124630.1
508.0,65.0,25.0,7.7,100.0,6.37,120.0,120.53,7611.76,7318.06,124923.8
509.0,65.0,25.0,7.7,100.0,6.37,120.0,120.53,7611.76,7318.06,125217.51
510.0,65.0,25.0,7.7,100.0,6.37,120.0,120.53,7611.76,7318.06,125511.21
511.0,65.0,25.0,7.7,100.0,6.37,120.0,120.53,7611.76,7318.06,125804.91
512.0,65.0,24.92,7.7,100.0,6.37,120.0,120.53,7615.01,7321.09,126098.84
513.0,65.0,24.86,7.7,99.99,6.37,120.0,120.53,7617.7,7323.61,126392.92
514.0,65.0,24.81,7.7,99.97,6.37,119.99,120.53,7619.89,7325.91,126686.91
515.0,65.0,24.77,7.7,99.96,6.37,119.99,120.53,7621.66,7328.35,126980.22
516.0,65.0,24.74,7.71,99.95,6.37,119.99,120.53,7623.04,7330.64,127272.62
517.0,65.0,24.72,7.71,99.94,6.37,119.98,120.53,7624.09,7332.8,127563.91
518.0,65.0,24.7,7.71,99.93,6.37,119.98,120.53,7624.86,7335.01,127853.76
519.0,65.0,24.69,7.71,99.93,6.37,119.97,120.53,7625.38,7337.17,128141.96
520.0,65.0,24.69,7.71,99.93,6.37,119.97,120.53,7625.69,7339.22,128428.43
521.0,65.0,24.69,7.72,99.94,6.37,119.97,120.53,7625.83,7341.08,128713.18
522.0,65.0,24.69,7.72,99.94,6.38,119.97,120.53,7625.82,7342.55,128996.45
523.0,65.0,24.7,7.72,99.95,6.38,119.98,120.53,7625.68,7343.89,129278.24
524.0,65.0,24.71,7.72,99.96,6.38,119.98,120.53,7625.44,7344.78,129558.9
525.0,65.0,24.72,7.72,99.98,6.38,119.99,120.53,7625.12,7345.38,129838.65
526.0,65.0,24.73,7.72,99.99,6.38,119.99,120.53,7624.74,7345.36,130118.03
527.0,65.0,24.74,7.72,100.0,6.38,120.0,120.53,7624.31,7345.1,130397.23
528.0,65.0,24.75,7.72,100.01,6.38,120.01,120.53,7623.84,7344.49,130676.58
529.0,65.0,24.76,7.72,100.02,6.38,120.02,120.53,7623.34,7343.54,130956.38
530.0,65.0,24.77,7.72,100.03,6.38,120.02,120.53,7622.83,7342.27,131236.94
531.0,65.0,24.78,7.72,100.03,6.38,120.03,120.53,7622.31,7340.8,131518.44
532.0,65.0,24.8,7.72,100.04,6.38,120.03,120.53,7621.78,7339.24,131800.98
533.0,65.0,24.9,7.72,100.05,6.37,120.04,120.53,7617.66,7334.14,132084.5
534.0,65.0,24.98,7.72,100.06,6.37,120.04,120.53,7614.16,7329.29,132369.37
535.0,65.0,25.05,7.72,100.07,6.37,120.04,120.53,7611.21,7324.76,132655.82
536.0,65.0,25.1,7.71,100.09,6.37,120.05,120.53,7608.76,7320.51,132944.08
537.0,65.0,25.14,7.71,100.1,6.37,120.05,120.53,7606.75,7316.15,133234.67
538.0,65.0,25.17,7.71,100.1,6.36,120.05,120.53,7605.12,7311.98,133527.81
539.0,65.0,25.2,7.7,100.11,6.36,120.05,120.53,7603.83,7308.18,133823.46
540.0,65.0,25.22,7.7,100.1,6.36,120.05,120.53,7602.82,7304.48,134121.8
541.0,65.0,25.23,7.7,100.1,6.36,120.05,120.53,7602.07,7301.26,134422.61
542.0,65.0,25.24,7.69,100.09,6.35,120.05,120.55,7601.54,7298.29,134725.86
543.0,65.0,25.24,7.69,100.08,6.35,120.04,120.55,7601.19,7295.72,135031.33
544.0,65.0,25.24,7.69,100.07,6.35,120.03,120.55,7600.99,7293.65,135338.67
545.0,65.0,25.24,7.69,100.05,6.35,120.02,120.55,7600.93,7292.05,135647.55
546.0,65.0,25.24,7.69,100.04,6.35,120.01,120.55,7600.97,7291.1,135957.42
547.0,65.0,25.23,7.69,100.02,6.35,120.0,120.55,7601.11,7290.56,136267.96
548.0,65.0,25.23,7.68,100.01,6.35,119.99,120.55,7601.32,7290.62,136578.66
549.0,65.0,25.22,7.68,100.0,6.35,119.98,120.55,7601.58,7291.04,136889.21
550.0,65.0,25.21,7.68,99.98,6.35,119.97,120.55,7601.89,7291.8,137199.3
551.0,65.0,25.2,7.68,99.98,6.35,119.96,120.55,7602.24,7293.12,137508.42
552.0,65.0,25.19,7.69,99.97,6.35,119.96,120.55,7602.61,7294.54,137816.5
553.0,65.0,25.18,7.69,99.96,6.35,119.95,120.55,7603.0,7296.15,138123.36
554.0,65.0,25.17,7.69,99.96,6.36,119.95,120.53,7603.4,7298.07,138428.69
555.0,65.0,25.16,7.69,99.96,6.36,119.95,120.53,7603.81,7299.96,138732.54
556.0,65.0,25.15,7.69,99.96,6.36,119.94,120.53,7604.22,7301.82,139034.94
557.0,65.0,25.14,7.69,99.96,6.36,119.95,120.53,7604.62,7303.77,139335.79
558.0,65.0,25.14,7.69,99.96,6.37,119.95,120.53,7605.02,7305.57,139635.24
559.0,65.0,25.13,7.69,99.96,6.37,119.95,120.53,7605.41,7307.34,139933.31
560.0,65.0,25.12,7.69,99.97,6.37,119.96,120.53,7605.78,7309.08,140230.01
561.0,65.0,25.11,7.7,99.97,6.37,119.96,120.53,7606.15,7310.46,140525.7
562.0,65.0,25.1,7.7,99.97,6.37,119.97,120.53,7606.5,7311.82,140820.38
563.0,65.0,25.1,7.7,99.98,6.38,119.98,120.53,7606.83,7313.04,141114.18
564.0,65.0,25.09,7.7,99.98,6.38,119.98,120.53,7607.15,7313.9,141407.43
565.0,65.0,25.08,7.7,99.99,6.38,119.99,120.53,7607.46,7314.76,141700.12
566.0,65.0,25.08,7.7,99.99,6.38,120.0,120.53,7607.75,7315.27,141992.61
567.0,65.0,25.07,7.7,99.99,6.38,120.0,120.53,7608.03,7315.65,142284.99
568.0,65.0,25.07,7.7,99.99,6.38,120.01,120.53,7608.29,7316.02,142577.25
569.0,65.0,25.06,7.7,99.99,6.38,120.01,120.53,7608.53,7316.26,142869.52
570.0,65.0,25.06,7.7,100.0,6.38,120.01,120.53,7608.76,7316.5,143161.79
571.0,65.0,25.05,7.7,100.0,6.38,120.02,120.53,7608.98,7316.51,143454.25
572.0,65.0,25.05,7.7,100.0,6.38,120.02,120.53,7609.18,7316.4,143747.04
573.0,65.0,25.05,7.7,100.0,6.38,120.02,120.53,7609.37,7316.28,144040.13
574.0,65.0,25.04,7.7,100.0,6.37,120.02,120.53,7609.55,7316.17,144333.51
575.0,65.0,25.04,7.7,100.0,6.37,120.02,120.53,7609.72,7316.04,144627.18
576.0,65.0,25.04,7.7,100.0,6.37,120.02,120.53,7609.87,7315.92,144921.14
577.0,65.0,25.03,7.7,100.0,6.37,120.01,120.53,7610.02,7315.78,145215.38
578.0,65.0,25.03,7.7,99.99,6.37,120.01,120.53,7610.15,7315.77,145509.76
579.0,65.0,25.03,7.7,99.99,6.37,120.01,120.53,7610.28,7315.96,145804.07
580.0,65.0,25.03,7.7,99.99,6.37,120.01,120.53,7610.39,7316.14,146098.32
581.0,65.0,25.02,7.7,99.99,6.37,120.01,120.53,7610.5,7316.31,146392.51
582.0,65.0,25.02,7.7,99.99,6.37,120.01,120.53,7610.6,7316.47,146686.64
583.0,65.0,25.02,7.7,100.0,6.37,120.01,120.53,7610.69,7316.62,146980.71
584.0,65.0,25.02,7.7,100.0,6.37,120.0,120.53,7610.78,7316.54,147274.94
585.0,65.0,25.02,7.7,100.0,6.37,120.0,120.53,7610.86,7316.59,147569.21
586.0,65.0,25.02,7.7,100.0,6.37,120.0,120.53,7610.93,7316.64,147863.5
587.0,65.0,25.01,7.7,100.0,6.37,120.0,120.53,7611.0,7316.69,148157.81
588.0,65.0,25.01,7.7,100.0,6.37,120.0,120.53,7611.06,7316.73,148452.14
589.0,65.0,25.01,7.7,100.0,6.37,120.0,120.53,7611.12,7316.78,148746.48
590.0,65.0,25.01,7.7,100.0,6.37,120.0,120.53,7611.17,7316.82,149040.83
591.0,65.0,25.01,7.7,100.0,6.37,120.0,120.53,7611.22,7316.86,149335.2
592.0,65.0,25.01,7.7,100.0,6.37,120.0,120.53,7611.27,7316.89,149629.57
593.0,65.0,25.01,7.7,99.99,6.37,120.0,120.53,7611.31,7316.93,149923.95
594.0,65.0,25.01,7.7,100.0,6.37,120.0,120.53,7611.35,7317.17,150218.13
595.0,65.0,25.01,7.7,100.0,6.37,120.0,120.53,7611.38,7317.19,150512.31
596.0,65.0,25.01,7.7,100.0,6.37,120.0,120.53,7611.41,7317.22,150806.51
597.0,65.0,25.01,7.7,100.0,6.37,120.0,120.53,7611.44,7317.24,151100.71
598.0,65.0,25.01,7.7,100.0,6.37,120.0,120.53,7611.47,7317.26,151394.93
599.0,65.0,25.0,7.7,99.99,6.37,120.0,120.53,7611.49,7317.28,151689.15
600.0,65.0,25.0,7.7,100.0,6.37,120.0,120.53,7611.52,7317.51,151983.16
601.0,65.0,25.0,7.7,100.0,6.37,120.0,120.53,7611.54,7317.52,152277.18
602.0,65.0,25.0,7.7,100.0,6.37,120.0,120.53,7611.56,7317.53,152571.21
603.0,65.0,25.0,7.7,100.0,6.37,120.0,120.53,7611.58,7317.53,152865.25
604.0,65.0,25.0,7.7,100.0,6.37,120.0,120.53,7611.59,7317.54,153159.3
605.0,65.0,25.0,7.7,100.0,6.37,120.0,120.53,7611.61,7317.55,153453.35
606.0,65.0,25.0,7.7,100.0,6.37,120.0,120.53,7611.62,7317.56,153747.41
607.0,65.0,25.0,7.7,100.0,6.37,120.0,120.53,7611.63,7317.57,154041.47
608.0,65.0,25.0,7.7,100.0,6.37,120.0,120.53,7611.64,7317.58,154335.54
609.0,65.0,25.0,7.7,100.0,6.37,120.0,120.53,7611.65,7317.59,154629.61
610.0,65.0,25.0,7.7,100.0,6.37,120.0,120.53,7611.66,7317.59,154923.68
611.0,65.0,25.0,7.7,100.0,6.37,120.0,120.53,7611.67,7317.6,155217.75
612.0,65.0,25.0,7.7,100.0,6.37,120.0,120.53,7611.68,7317.61,155511.83
613.0,65.0,25.0,7.7,100.0,6.37,120.0,120.53,7611.69,7317.61,155805.9
614.0,65.0,25.0,7.7,100.0,6.37,120.0,120.53,7611.69,7317.62,156099.98
615.0,65.0,25.0,7.7,100.0,6.37,120.0,120.53,7611.7,7317.62,156394.06
616.0,65.0,25.0,7.7,100.0,6.37,120.0,120.53,7611.71,7317.63,156688.14
617.0,65.0,25.0,7.7,100.0,6.37,120.0,120.53,7611.71,7317.63,156982.21
618.0,65.0,25.0,7.7,100.0,6.37,120.0,120.53,7611.72,7317.64,157276.3
619.0,65.0,25.0,7.7,100.0,6.37,120.0,120.53,7611.72,7317.64,157570.38
620.0,65.0,25.0,7.7,100.0,6.37,120.0,120.53,7611.72,7317.64,157864.46
621.0,65.0,25.0,7.7,100.0,6.37,120.0,120.53,7611.73,7317.65,158158.54
622.0,65.0,25.0,7.7,100.0,6.37,120.0,120.53,7611.73,7317.65,158452.62
623.0,65.0,25.0,7.7,100.0,6.37,120.0,120.53,7611.73,7317.65,158746.7
624.0,65.0,25.0,7.7,100.0,6.37,120.0,120.53,7611.74,7317.65,159040.78
625.0,65.0,25.0,7.7,100.0,6.37,120.0,120.53,7611.74,7317.66,159334.87
626.0,65.0,25.0,7.7,100.0,6.37,120.0,120.53,7611.74,7317.66,159628.95
627.0,65.0,25.0,7.7,100.0,6.37,120.0,120.53,7611.74,7317.66,159923.03
628.0,65.0,25.0,7.7,100.0,6.37,120.0,120.53,7611.74,7317.66,160217.11
629.0,65.0,25.0,7.7,100.0,6.37,120.0,120.53,7611.75,7317.66,160511.2
630.0,65.0,25.0,7.7,100.0,6.37,120.0,120.53,7611.75,7317.67,160805.28
631.0,65.0,25.0,7.7,100.0,6.37,120.0,120.53,7611.75,7317.67,161099.36
632.0,65.0,25.0,7.7,100.0,6.37,120.0,120.53,7611.75,7317.67,161393.45
633.0,65.0,25.0,7.7,99.99,6.37,120.0,120.53,7611.75,7317.67,161687.53
634.0,65.0,25.0,7.7,100.0,6.37,120.0,120.53,7611.75,7317.88,161981.4
635.0,65.0,25.0,7.7,100.0,6.37,120.0,120.53,7611.75,7317.88,162275.28
636.0,65.0,25.0,7.7,100.0,6.37,120.0,120.53,7611.75,7317.87,162569.16
637.0,65.0,25.0,7.7,100.0,6.37,120.0,120.53,7611.76,7317.87,162863.05
638.0,65.0,25.0,7.7,100.0,6.37,120.0,120.53,7611.76,7317.86,163156.94
639.0,65.0,25.0,7.7,100.0,6.37,120.0,120.53,7611.76,7317.86,163450.84
640.0,65.0,25.0,7.7,100.0,6.37,120.0,120.53,7611.76,7317.86,163744.74
641.0,65.0,25.0,7.7,100.0,6.37,120.0,120.53,7611.76,7317.86,164038.64
642.0,65.0,25.0,7.7,100.0,6.37,120.0,120.53,7611.76,7317.85,164332.54
643.0,65.0,25.0,7.7,100.0,6.37,120.0,120.53,7611.76,7317.85,164626.45
644.0,65.0,25.0,7.7,100.0,6.37,120.0,120.53,7611.76,7317.85,164920.36
645.0,65.0,25.0,7.7,100.0,6.37,120.0,120.53,7611.76,7317.85,165214.26
646.0,65.0,25.0,7.7,100.0,6.37,120.0,120.53,7611.76,7317.85,165508.17
647.0,65.0,25.0,7.7,100.0,6.37,120.0,120.53,7611.76,7317.85,165802.08
648.0,65.0,25.0,7.7,100.0,6.37,120.0,120.53,7611.76,7317.85,166096.0
649.0,65.0,25.0,7.7,100.0,6.37,120.0,120.53,7611.76,7317.85,166389.91
650.0,65.0,25.0,7.7,100.0,6.37,120.0,120.53,7611.76,7317.85,166683.82
651.0,65.0,25.0,7.7,100.0,6.37,120.0,120.53,7611.76,7317.85,166977.73
652.0,65.0,25.0,7.7,100.0,6.37,120.0,120.53,7611.76,7317.85,167271.65
653.0,65.0,25.0,7.7,100.0,6.37,120.0,120.53,7611.76,7317.85,167565.56
654.0,65.0,25.0,7.7,100.0,6.37,120.0,120.53,7611.76,7317.85,167859.47
655.0,65.0,25.0,7.7,100.0,6.37,120.0,120.53,7611.76,7317.85,168153.39
656.0,65.0,25.0,7.7,100.0,6.37,120.0,120.53,7611.76,7317.85,168447.3
657.0,65.0,25.0,7.7,100.0,6.37,120.0,120.53,7611.76,7317.85,168741.22
658.0,65.0,25.0,7.7,100.0,6.37,120.0,120.53,7611.76,7317.85,169035.13
659.0,65.0,25.0,7.5,91.05,6.57,119.0,120.45,2874.34,3520.82,168388.65
660.0,65.0,25.0,7.3,83.5,6.77,117.35,120.5,2919.52,3680.69,167627.47
661.0,65.0,25.0,7.1,77.11,6.97,115.34,120.65,2957.17,3825.61,166759.03
662.0,65.0,25.0,6.9,71.69,7.17,113.14,120.66,2988.55,3957.62,165789.95
663.0,65.0,25.0,6.7,67.08,7.37,110.91,120.67,3014.69,4078.5,164726.14
664.0,65.0,25.0,6.5,63.15,7.57,108.74,120.8,3036.48,4189.83,163572.8
665.0,65.0,25.0,6.3,59.77,7.77,106.69,120.81,3054.64,4292.97,162334.47
666.0,65.0,25.0,6.1,56.86,7.97,104.8,120.79,3069.77,4389.13,161015.11
667.0,65.0,25.0,5.9,54.35,8.17,103.11,120.75,3082.38,4479.36,159618.13
668.0,65.0,25.0,5.7,52.16,8.37,101.62,120.83,3092.89,4564.56,158146.47
669.0,65.0,25.0,5.5,50.23,8.57,100.33,120.92,3101.65,4645.52,156602.6
670.0,65.0,25.0,5.3,48.54,8.77,99.24,120.95,3108.94,4722.93,154988.61
671.0,65.0,25.0,5.1,47.03,8.97,98.34,120.99,3115.03,4797.38,153306.26
672.0,65.0,25.0,4.9,45.68,9.17,97.62,121.02,3120.09,4869.39,151556.97
673.0,65.0,25.0,4.7,44.46,9.37,97.07,120.68,3124.32,4939.39,149741.9
674.0,65.0,25.0,4.5,43.35,9.57,96.67,120.74,3127.84,5007.76,147861.97
675.0,65.0,25.0,4.3,42.32,9.77,96.41,120.8,3130.77,5074.85,145917.89
676.0,65.0,25.0,4.1,41.38,9.97,96.28,120.64,3133.21,5140.92,143910.18
677.0,65.0,25.0,3.9,40.5,10.17,96.27,120.54,3135.25,5206.22,141839.21
678.0,65.0,25.0,3.7,39.67,10.37,96.35,120.78,3136.95,5270.96,139705.19
679.0,65.0,25.0,3.5,38.88,10.57,96.53,120.81,3138.36,5335.32,137508.23
680.0,65.0,25.0,3.3,38.13,10.77,96.79,120.89,3139.54,5399.45,135248.32
681.0,65.0,25.0,3.1,37.41,10.97,97.13,120.85,3140.52,5463.49,132925.35
682.0,65.0,25.0,2.9,36.72,11.17,97.53,120.92,3141.34,5527.54,130539.14
683.0,65.0,25.0,2.7,36.04,11.37,97.99,120.96,3142.02,5591.7,128089.46
684.0,65.0,25.0,2.5,35.39,11.57,98.5,120.91,3142.59,5656.06,125575.99
685.0,65.0,25.0,2.3,34.74,11.77,99.06,120.92,3143.06,5720.68,122998.37
686.0,65.0,25.0,2.1,34.12,11.97,99.66,120.83,3143.46,5785.63,120356.19
687.0,65.0,25.0,1.9,33.5,12.17,100.3,120.76,3143.79,5850.95,117649.03
688.0,65.0,25.0,1.7,32.89,12.37,100.97,120.77,3144.06,5916.69,114876.39
689.0,65.0,25.0,1.5,32.28,12.57,101.67,120.78,3144.29,5982.89,112037.79
690.0,65.0,25.0,1.3,31.69,12.77,102.4,120.75,3144.48,6049.58,109132.69
691.0,65.0,25.0,1.1,31.09,12.97,103.15,120.7,3144.64,6116.78,106160.55
692.0,65.0,25.0,1.0,30.55,13.17,103.93,120.76,3144.77,6204.93,103100.39
693.0,65.0,25.0,1.0,30.1,13.37,104.73,120.7,3144.88,6313.46,99931.81
694.0,65.0,25.0,1.0,29.72,13.57,105.57,120.95,3144.97,6419.52,96657.26
695.0,65.0,25.0,1.0,29.41,13.77,106.45,120.86,3145.05,6523.49,93278.82
696.0,65.0,25.0,1.0,29.15,13.97,107.35,120.94,3145.11,6625.68,89798.25
697.0,65.0,25.0,1.0,28.93,14.17,108.29,121.06,3145.17,6726.36,86217.05
698.0,65.0,25.0,1.0,28.75,14.37,109.25,120.83,3145.21,6825.77,82536.49
699.0,65.0,25.0,1.0,28.6,14.57,110.24,120.66,3145.25,6924.1,78757.64
700.0,65.0,25.0,1.0,28.47,14.77,111.25,120.64,3145.28,7021.51,74881.41
701.0,65.0,25.0,1.0,28.37,14.97,112.29,120.59,3145.3,7118.14,70908.58
702.0,65.0,25.0,1.0,28.28,15.0,113.18,120.59,3145.32,7136.96,66916.94
703.0,65.0,25.0,1.0,28.2,15.0,113.92,120.59,3145.34,7140.17,62922.11
704.0,65.0,25.0,1.0,28.14,15.0,114.53,120.59,3145.36,7142.85,58924.61
705.0,65.0,25.0,1.0,28.09,15.0,115.03,120.59,3145.37,7145.09,54924.89
706.0,65.0,25.0,1.0,28.05,15.0,115.45,120.59,3145.38,7146.95,50923.33
707.0,65.0,25.0,1.0,28.02,15.0,115.8,120.59,3145.39,7148.5,46920.22
708.0,65.0,25.0,1.0,27.99,15.0,116.08,120.59,3145.4,7149.79,42915.82
709.0,65.0,25.0,1.0,27.96,15.0,116.32,120.59,3145.4,7150.87,38910.36
710.0,65.0,25.0,1.0,27.94,15.0,116.51,120.59,3145.41,7151.76,34904.0
711.0,65.0,25.0,1.0,27.92,15.0,116.68,120.59,3145.41,7152.51,30896.9
712.0,65.0,25.0,1.0,27.91,15.0,116.81,120.59,3145.41,7153.13,26889.18
713.0,65.0,25.0,1.0,27.9,15.0,116.92,120.59,3145.42,7153.65,22880.94
714.0,65.0,25.0,1.0,27.89,15.0,117.01,120.59,3145.42,7154.09,18872.27
715.0,65.0,25.0,1.0,27.88,15.0,117.09,120.59,3145.42,7154.45,14863.25
716.0,65.0,25.0,1.0,27.87,15.0,117.15,120.59,3145.42,7154.75,10853.92
717.0,65.0,25.0,1.0,27.87,15.0,117.2,120.59,3145.42,7155.0,6844.35
718.0,65.0,25.0,1.0,27.86,15.0,117.25,120.59,3145.43,7155.21,2834.57
719.0,65.0,25.0,1.0,27.86,15.0,117.28,120.59,3145.43,7155.38,-1175.39
720.0,65.0,25.0,1.0,27.86,15.0,117.31,120.59,3145.43,7155.53,-5185.49
721.0,40.0,25.0,1.0,27.85,15.0,117.34,120.59,2027.96,4495.78,-7653.31
722.0,40.0,25.0,1.0,27.85,15.0,117.36,120.59,2027.96,4495.84,-10121.2
723.0,40.0,25.0,1.0,27.85,15.0,117.37,120.59,2027.96,4495.9,-12589.14
724.0,40.0,25.0,1.0,27.85,15.0,117.39,120.59,2027.96,4495.94,-15057.13
725.0,40.0,25.0,1.0,27.85,15.0,117.4,120.59,2027.96,4495.97,-17525.14
726.0,40.0,25.0,1.0,27.85,15.0,117.41,120.59,2027.96,4496.0,-19993.19
727.0,40.0,25.0,1.0,27.84,15.0,117.41,120.59,2027.96,4496.03,-22461.26
728.0,40.0,25.0,1.0,27.84,15.0,117.42,120.59,2027.96,4496.05,-24929.36
729.0,40.0,25.0,1.0,27.84,15.0,117.43,120.59,2027.96,4496.07,-27397.47
730.0,40.0,25.0,1.0,27.84,15.0,117.43,120.59,2027.96,4496.08,-29865.59
731.0,40.0,25.0,1.0,27.84,15.0,117.43,120.59,2027.96,4496.09,-32333.73
732.0,40.0,25.0,1.0,27.84,15.0,117.44,120.59,2027.96,4496.1,-34801.88
733.0,40.0,25.0,1.0,27.84,15.0,117.44,120.59,2027.96,4496.11,-37270.03
734.0,40.0,25.0,1.0,27.84,15.0,117.44,120.59,2027.96,4496.12,-39738.19
735.0,40.0,25.0,1.0,27.84,15.0,117.44,120.59,2027.96,4496.12,-42206.36
736.0,40.0,25.0,1.0,27.84,15.0,117.44,120.59,2027.96,4496.13,-44674.53
737.0,40.0,25.0,1.0,27.84,15.0,117.45,120.59,2027.96,4496.13,-47142.71
738.0,40.0,25.0,1.0,27.84,15.0,117.45,120.59,2027.96,4496.14,-49610.89
739.0,40.0,25.0,1.0,27.84,15.0,117.45,120.59,2027.96,4496.14,-52079.07
740.0,40.0,25.0,1.0,27.84,15.0,117.45,120.59,2027.96,4496.14,-54547.26
741.0,40.0,25.0,1.0,27.84,15.0,117.45,120.59,2027.96,4496.14,-57015.44
742.0,40.0,25.0,1.0,27.84,15.0,117.45,120.59,2027.96,4496.15,-59483.63
743.0,40.0,25.0,1.0,27.84,15.0,117.45,120.59,2027.96,4496.15,-61951.82
744.0,40.0,25.0,1.0,27.84,15.0,117.45,120.59,2027.96,4496.15,-64420.01
745.0,40.0,25.0,1.0,27.84,15.0,117.45,120.59,2027.96,4496.15,-66888.21
746.0,40.0,25.0,1.0,27.84,15.0,117.45,120.59,2027.96,4496.15,-69356.4
747.0,40.0,25.0,1.0,27.84,15.0,117.45,120.59,2027.96,4496.15,-71824.59
748.0,40.0,25.0,1.0,27.84,15.0,117.45,120.59,2027.96,4496.15,-74292.78
749.0,40.0,25.0,1.0,27.84,15.0,117.45,120.59,2027.96,4496.15,-76760.98
750.0,40.0,25.0,1.0,27.84,15.0,117.45,120.59,2027.96,4496.15,-79229.17
751.0,40.0,25.0,1.0,27.84,15.0,117.45,120.59,2027.96,4496.15,-81697.37
752.0,40.0,25.0,1.0,27.84,15.0,117.45,120.59,2027.96,4496.15,-84165.56
753.0,40.0,25.0,1.0,27.84,15.0,117.45,120.59,2027.96,4496.15,-86633.76
754.0,40.0,25.0,1.0,27.84,15.0,117.45,120.59,2027.96,4496.15,-89101.95
755.0,40.0,25.0,1.0,27.84,15.0,117.45,120.59,2027.96,4496.15,-91570.15
756.0,40.0,25.0,1.0,27.84,15.0,117.45,120.59,2027.96,4496.15,-94038.35
757.0,40.0,25.0,1.0,27.84,15.0,117.45,120.59,2027.96,4496.15,-96506.54
758.0,40.0,25.0,1.0,27.84,15.0,117.45,120.59,2027.96,4496.15,-98974.74
759.0,40.0,25.0,1.0,27.84,15.0,117.45,120.59,2027.96,4496.15,-101442.93
760.0,40.0,25.0,1.0,27.84,15.0,117.45,120.59,2027.96,4496.15,-103911.13
761.0,40.0,25.0,1.0,27.84,15.0,117.45,120.59,2027.96,4496.15,-106379.33
762.0,40.0,25.0,1.0,27.84,15.0,117.45,120.59,2027.96,4496.15,-108847.52
763.0,40.0,25.0,1.0,27.84,15.0,117.45,120.59,2027.96,4496.15,-111315.72
764.0,40.0,25.0,1.0,27.84,15.0,117.45,120.59,2027.96,4496.15,-113783.92
765.0,40.0,25.0,1.0,27.84,15.0,117.45,120.59,2027.96,4496.15,-116252.11
766.0,40.0,25.0,1.0,27.84,15.0,117.45,120.59,2027.96,4496.15,-118720.31
767.0,40.0,25.0,1.0,27.84,15.0,117.45,120.59,2027.96,4496.15,-121188.51
768.0,40.0,25.0,1.0,27.84,15.0,117.45,120.59,2027.96,4496.15,-123656.7
769.0,40.0,25.0,1.0,27.84,15.0,117.45,120.59,2027.96,4496.15,-126124.9
770.0,40.0,25.0,1.0,27.84,15.0,117.45,120.59,2027.96,4496.15,-128593.09
771.0,40.0,25.0,1.0,27.84,15.0,117.45,120.59,2027.96,4496.15,-131061.29
772.0,40.0,25.0,1.0,27.84,15.0,117.45,120.59,2027.96,4496.15,-133529.49
773.0,40.0,25.0,1.0,27.84,15.0,117.45,120.59,2027.96,4496.15,-135997.68
774.0,40.0,25.0,3.16,32.5,15.0,117.77,120.59,5253.12,5690.11,-136434.68
775.0,40.0,25.0,5.19,39.67,15.0,118.53,120.59,5173.68,6433.77,-137694.77
776.0,40.0,25.0,7.0,48.59,15.0,119.77,120.59,5107.48,7030.55,-139617.84
777.0,40.0,25.0,8.54,58.52,15.0,121.49,120.59,5052.31,7475.78,-142041.32
778.0,40.0,25.0,9.79,68.81,14.93,123.57,120.59,5006.34,7757.05,-144792.03
779.0,40.0,25.0,10.72,78.91,14.75,125.88,119.72,4968.02,7882.81,-147706.81
780.0,40.0,25.0,11.35,88.35,14.45,128.29,119.75,4936.1,7871.14,-150641.85
781.0,40.0,25.0,11.7,96.79,14.04,130.69,119.99,4909.49,7744.13,-153476.48
782.0,40.0,25.0,11.8,103.97,13.5,132.95,120.28,4887.32,7524.94,-156114.1
783.0,40.0,25.0,11.68,109.77,12.86,135.0,120.15,4868.85,7236.42,-158481.67
784.0,40.0,25.0,11.39,114.12,12.11,136.74,120.03,4853.45,6898.93,-160527.15
785.0,40.0,25.0,10.96,117.06,11.27,138.1,120.07,4840.62,6530.58,-162217.1
786.0,40.0,25.0,10.45,118.68,10.36,139.02,119.7,4829.93,6146.61,-163533.79
787.0,40.0,25.0,9.89,119.12,9.41,139.45,120.55,4821.02,5759.85,-164472.61
788.0,40.0,25.0,9.32,118.56,8.44,139.37,120.86,4813.59,5381.13,-165040.14
789.0,40.0,25.0,8.76,117.18,7.47,138.74,120.85,4807.41,5019.65,-165252.39
790.0,40.0,25.0,8.25,115.2,6.54,137.59,120.47,4802.25,4683.85,-165133.99
791.0,40.0,25.0,7.79,112.81,5.66,135.95,120.31,4797.95,4380.85,-164716.88
792.0,40.0,25.0,7.41,110.2,4.86,133.87,121.07,4794.37,4116.98,-164039.49
793.0,40.0,25.0,7.1,107.52,4.17,131.46,119.91,4791.39,3897.47,-163145.58
794.0,40.0,25.0,6.87,104.92,3.59,128.8,120.11,4788.9,3726.16,-162082.83
795.0,40.0,25.0,6.73,102.52,3.15,126.02,120.16,4786.83,3605.17,-160901.17
796.0,40.0,25.0,6.65,100.39,2.85,123.23,120.52,4785.1,3534.43,-159650.5
797.0,40.0,25.0,6.64,98.6,2.69,120.56,120.56,4783.66,3512.05,-158378.88
798.0,40.0,25.0,6.68,97.18,2.66,118.11,120.59,4782.47,3533.82,-157130.24
799.0,40.0,25.0,6.77,96.13,2.76,115.96,120.56,4781.47,3593.8,-155942.57
800.0,40.0,25.0,6.88,95.45,2.96,114.17,120.21,4780.63,3684.9,-154846.84
801.0,40.0,25.0,7.02,95.1,3.25,112.8,119.95,4779.94,3799.12,-153866.02
802.0,40.0,25.0,7.17,95.04,3.61,111.85,120.11,4779.36,3928.21,-153014.86
803.0,40.0,25.0,7.32,95.24,4.02,111.31,120.13,4778.88,4064.4,-152300.38
804.0,40.0,25.0,7.46,95.64,4.45,111.15,120.51,4778.48,4200.45,-151722.35
805.0,40.0,25.0,7.59,96.18,4.89,111.34,120.91,4778.14,4330.36,-151274.57
806.0,40.0,25.0,7.7,96.82,5.33,111.82,120.99,4777.86,4449.4,-150946.11
807.0,40.0,25.0,7.8,97.5,5.74,112.53,120.48,4777.63,4554.11,-150722.58
808.0,40.0,25.0,7.87,98.2,6.11,113.41,120.66,4777.44,4642.49,-150587.64
809.0,40.0,25.0,7.93,98.86,6.44,114.41,120.51,4777.28,4713.42,-150523.78
810.0,40.0,25.4,7.96,99.51,6.72,115.46,120.47,4767.16,4757.42,-150514.05
811.0,40.0,25.72,7.98,100.09,6.95,116.53,120.72,4758.77,4785.9,-150541.17
812.0,40.0,25.97,7.97,100.6,7.12,117.57,120.77,4751.92,4800.0,-150589.25
813.0,40.0,26.17,7.96,101.01,7.24,118.56,120.71,4746.42,4801.15,-150643.99
814.0,40.0,26.31,7.93,101.31,7.31,119.45,120.75,4742.1,4791.22,-150693.11
815.0,40.0,26.42,7.89,101.51,7.34,120.23,120.75,4738.8,4772.46,-150726.77
816.0,40.0,26.49,7.84,101.61,7.33,120.88,120.66,4736.4,4746.94,-150737.3
817.0,40.0,26.53,7.79,101.62,7.28,121.41,120.66,4734.76,4716.81,-150719.35
818.0,40.0,26.55,7.74,101.55,7.21,121.8,120.63,4733.77,4683.94,-150669.53
819.0,40.0,26.55,7.7,101.41,7.12,122.07,120.66,4733.33,4650.2,-150586.41
820.0,40.0,26.53,7.66,101.23,7.02,122.21,120.66,4733.34,4617.17,-150470.23
821.0,40.0,26.51,7.62,101.02,6.91,122.25,120.66,4733.74,4586.11,-150322.6
822.0,40.0,26.47,7.59,100.79,6.8,122.2,120.54,4734.46,4557.95,-150146.09
823.0,40.0,26.42,7.56,100.56,6.69,122.07,120.62,4735.42,4533.48,-149944.15
824.0,40.0,26.37,7.55,100.34,6.58,121.88,120.66,4736.59,4513.14,-149720.7
825.0,40.0,26.32,7.54,100.13,6.49,121.65,120.62,4737.91,4497.16,-149479.96
826.0,40.0,26.26,7.53,99.94,6.41,121.38,120.55,4739.35,4485.63,-149226.23
827.0,40.0,26.2,7.53,99.78,6.34,121.11,120.58,4740.87,4478.53,-148963.89
828.0,40.0,26.14,7.54,99.66,6.28,120.84,120.45,4742.44,4475.41,-148696.86
829.0,40.0,26.08,7.55,99.57,6.24,120.58,120.47,4744.05,4475.74,-148428.55
830.0,40.0,26.02,7.56,99.5,6.21,120.34,120.58,4745.67,4479.02,-148161.91
831.0,40.0,25.96,7.58,99.47,6.2,120.12,120.58,4747.27,4484.85,-147899.48
832.0,40.0,25.91,7.6,99.46,6.19,119.94,120.58,4748.86,4492.53,-147643.14
833.0,40.0,25.85,7.61,99.48,6.19,119.79,120.58,4750.42,4501.51,-147394.23
834.0,40.0,25.8,7.63,99.51,6.2,119.68,120.58,4751.94,4511.18,-147153.47
835.0,40.0,25.75,7.64,99.56,6.22,119.6,120.59,4753.41,4521.12,-146921.17
836.0,40.0,25.7,7.66,99.62,6.24,119.55,120.48,4754.83,4530.85,-146697.19
837.0,40.0,25.65,7.67,99.68,6.26,119.53,120.4,4756.2,4540.05,-146481.04
838.0,40.0,25.61,7.68,99.74,6.28,119.53,120.44,4757.5,4548.51,-146272.05
839.0,40.0,25.57,7.68,99.8,6.31,119.55,120.55,4758.75,4556.1,-146069.41
840.0,40.0,25.53,7.69,99.86,6.33,119.59,120.55,4759.93,4562.69,-145872.17
841.0,40.0,25.49,7.69,99.91,6.35,119.64,120.55,4761.05,4568.14,-145679.26
842.0,40.0,25.45,7.7,99.96,6.37,119.7,120.53,4762.12,4572.54,-145489.68
843.0,40.0,25.42,7.7,99.99,6.38,119.75,120.53,4763.12,4575.81,-145302.36
844.0,40.0,25.39,7.7,100.02,6.4,119.81,120.51,4764.07,4578.31,-145116.6
845.0,40.0,25.36,7.7,100.04,6.41,119.87,120.51,4764.96,4579.96,-144931.6
846.0,40.0,25.33,7.7,100.05,6.41,119.92,120.51,4765.79,4580.9,-144746.71
847.0,40.0,25.31,7.7,100.06,6.42,119.97,120.51,4766.58,4581.34,-144561.48
848.0,40.0,25.28,7.69,100.06,6.42,120.01,120.51,4767.31,4581.28,-144375.45
849.0,40.0,25.26,7.69,100.05,6.42,120.04,120.51,4767.99,4580.91,-144188.37
850.0,40.0,25.24,7.69,100.04,6.42,120.06,120.51,4768.63,4580.45,-144000.19
851.0,40.0,25.22,7.69,100.03,6.41,120.08,120.51,4769.23,4579.96,-143810.92
852.0,40.0,25.21,7.69,100.02,6.41,120.09,120.51,4769.78,4579.43,-143620.56
853.0,40.0,25.19,7.69,100.01,6.4,120.1,120.51,4770.3,4578.94,-143429.2
854.0,40.0,25.17,7.69,100.0,6.4,120.1,120.51,4770.78,4578.48,-143236.9
855.0,40.0,25.16,7.69,99.99,6.39,120.09,120.51,4771.23,4578.12,-143043.79
856.0,40.0,25.15,7.69,99.98,6.39,120.09,120.51,4771.64,4577.94,-142850.09
857.0,40.0,25.14,7.69,99.97,6.39,120.08,120.53,4772.02,4577.86,-142655.93
858.0,40.0,25.12,7.69,99.96,6.38,120.07,120.53,4772.38,4577.96,-142461.51
859.0,40.0,25.11,7.69,99.96,6.38,120.05,120.53,4772.7,4578.23,-142267.04
860.0,40.0,25.11,7.69,99.96,6.38,120.04,120.53,4773.01,4578.62,-142072.66
861.0,40.0,25.1,7.69,99.95,6.37,120.03,120.53,4773.29,4579.06,-141878.43
862.0,40.0,25.09,7.69,99.96,6.37,120.02,120.53,4773.55,4579.68,-141684.57
863.0,40.0,25.08,7.7,99.96,6.37,120.02,120.53,4773.79,4580.22,-141491.0
864.0,40.0,25.07,7.7,99.96,6.37,120.01,120.53,4774.01,4580.73,-141297.72
865.0,40.0,25.07,7.7,99.96,6.37,120.0,120.53,4774.21,4581.29,-141104.8
866.0,40.0,25.06,7.7,99.97,6.37,120.0,120.53,4774.4,4581.92,-140912.33
867.0,40.0,25.06,7.7,99.97,6.37,120.0,120.53,4774.57,4582.4,-140720.16
868.0,40.0,25.05,7.7,99.98,6.37,120.0,120.53,4774.73,4582.86,-140528.29
869.0,40.0,25.05,7.7,99.98,6.37,120.0,120.53,4774.87,4583.18,-140336.6
870.0,40.0,25.04,7.7,99.99,6.37,120.0,120.53,4775.01,4583.49,-140145.09
871.0,40.0,25.04,7.7,99.99,6.37,120.0,120.53,4775.13,4583.67,-139953.63
872.0,40.0,25.04,7.7,100.0,6.37,120.0,120.53,4775.24,4583.84,-139762.23
873.0,40.0,25.03,7.7,100.0,6.37,120.0,120.53,4775.35,4583.88,-139570.76
874.0,40.0,25.03,7.7,100.0,6.37,120.0,120.53,4775.44,4583.92,-139379.24
875.0,40.0,25.03,7.7,100.0,6.37,120.0,120.53,4775.53,4583.96,-139187.67
876.0,40.0,25.03,7.7,100.0,6.37,120.0,120.53,4775.61,4584.01,-138996.06
877.0,40.0,25.02,7.7,100.01,6.37,120.0,120.53,4775.68,4584.05,-138804.43
878.0,40.0,25.02,7.7,100.01,6.37,120.0,120.53,4775.75,4583.95,-138612.63
879.0,40.0,25.02,7.7,100.0,6.37,120.01,120.53,4775.81,4583.87,-138420.68
880.0,40.0,25.02,7.7,100.0,6.37,120.01,120.53,4775.87,4583.83,-138228.64
881.0,40.0,25.02,7.7,100.0,6.37,120.01,120.53,4775.92,4583.8,-138036.52
882.0,40.0,25.01,7.7,100.0,6.37,120.0,120.53,4775.97,4583.76,-137844.3
883.0,40.0,25.01,7.7,100.0,6.37,120.0,120.53,4776.01,4583.79,-137652.08
884.0,40.0,25.01,7.7,100.0,6.37,120.0,120.53,4776.05,4583.83,-137459.86
885.0,40.0,25.01,7.7,100.0,6.37,120.0,120.53,4776.09,4583.86,-137267.63
886.0,40.0,25.01,7.7,100.0,6.37,120.0,120.53,4776.12,4583.89,-137075.4
887.0,40.0,25.01,7.7,100.0,6.37,120.0,120.53,4776.15,4583.92,-136883.16
888.0,40.0,25.01,7.7,100.0,6.37,120.0,120.53,4776.18,4583.94,-136690.92
889.0,40.0,25.01,7.7,100.0,6.37,120.0,120.53,4776.21,4583.97,-136498.68
890.0,40.0,25.01,7.7,100.0,6.37,120.0,120.53,4776.23,4583.99,-136306.44
891.0,40.0,25.01,7.7,100.0,6.37,120.0,120.53,4776.25,4584.01,-136114.2
892.0,40.0,24.93,7.7,99.99,6.37,120.0,120.53,4778.27,4585.89,-135921.82
893.0,40.0,24.86,7.7,99.98,6.37,120.0,120.53,4779.94,4587.59,-135729.47
894.0,40.0,24.81,7.7,99.97,6.37,119.99,120.53,4781.31,4589.15,-135537.31
895.0,40.0,24.77,7.7,99.95,6.37,119.99,120.53,4782.41,4590.67,-135345.57
896.0,40.0,24.74,7.71,99.94,6.37,119.98,120.53,4783.28,4592.23,-135154.52
897.0,40.0,24.72,7.71,99.93,6.37,119.98,120.53,4783.94,4593.79,-134964.37
898.0,40.0,24.71,7.71,99.93,6.37,119.98,120.53,4784.42,4595.3,-134775.25
899.0,40.0,24.7,7.71,99.93,6.37,119.97,120.53,4784.75,4596.64,-134587.13
900.0,40.0,24.69,7.71,99.93,6.37,119.97,120.53,4784.95,4597.92,-134400.09
901.0,40.0,24.69,7.72,99.94,6.37,119.97,120.53,4785.05,4599.07,-134214.12
902.0,40.0,24.7,7.72,99.94,6.38,119.97,120.53,4785.05,4600.0,-134029.07
903.0,40.0,24.7,7.72,99.95,6.38,119.98,120.53,4784.97,4600.84,-133844.94
904.0,40.0,24.71,7.72,99.97,6.38,119.98,120.53,4784.83,4601.4,-133661.51
905.0,40.0,24.72,7.72,99.98,6.38,119.99,120.53,4784.64,4601.65,-133478.52
906.0,40.0,24.73,7.72,99.99,6.38,120.0,120.53,4784.41,4601.65,-133295.76
907.0,40.0,24.74,7.72,100.0,6.38,120.0,120.53,4784.15,4601.42,-133113.04
908.0,40.0,24.75,7.72,100.01,6.38,120.01,120.53,4783.86,4601.05,-132930.22
909.0,40.0,24.76,7.72,100.02,6.38,120.02,120.53,4783.56,4600.47,-132747.13
910.0,40.0,24.77,7.72,100.03,6.38,120.02,120.53,4783.25,4599.68,-132563.55
911.0,40.0,24.78,7.72,100.03,6.38,120.03,120.53,4782.93,4598.77,-132379.39
912.0,40.0,24.8,7.72,100.04,6.38,120.03,120.53,4782.61,4597.79,-132194.57
913.0,40.0,24.81,7.72,100.04,6.37,120.04,120.53,4782.29,4596.71,-132008.99
914.0,40.0,24.82,7.72,100.04,6.37,120.04,120.53,4781.97,4595.57,-131822.58
915.0,40.0,24.83,7.72,100.04,6.37,120.04,120.53,4781.66,4594.44,-131635.36
916.0,40.0,24.84,7.71,100.04,6.37,120.04,120.53,4781.36,4593.34,-131447.35
917.0,40.0,24.85,7.71,100.04,6.37,120.04,120.53,4781.07,4592.26,-131258.54
918.0,40.0,24.86,7.71,100.03,6.36,120.03,120.53,4780.79,4591.2,-131068.96
919.0,40.0,24.87,7.71,100.03,6.36,120.03,120.53,4780.51,4590.37,-130878.82
920.0,40.0,24.88,7.71,100.03,6.36,120.02,120.53,4780.25,4589.56,-130688.12
921.0,40.0,24.89,7.71,100.03,6.36,120.02,120.53,4780.01,4588.83,-130496.94
922.0,40.0,24.9,7.71,100.02,6.36,120.01,120.53,4779.77,4588.12,-130305.29
923.0,40.0,24.9,7.71,100.02,6.36,120.01,120.53,4779.55,4587.63,-130113.38
924.0,40.0,24.91,7.71,100.02,6.36,120.01,120.53,4779.33,4587.16,-129921.2
925.0,40.0,24.92,7.71,100.01,6.36,120.0,120.53,4779.13,4586.69,-129728.76
926.0,40.0,24.92,7.71,100.01,6.36,120.0,120.53,4778.95,4586.44,-129536.25
927.0,40.0,24.93,7.71,100.01,6.36,119.99,120.53,4778.77,4586.19,-129343.68
928.0,40.0,24.93,7.71,100.01,6.36,119.99,120.53,4778.6,4586.04,-129151.11
929.0,40.0,24.94,7.71,100.0,6.36,119.99,120.53,4778.44,4585.88,-128958.55
930.0,40.0,24.94,7.71,100.0,6.36,119.99,120.53,4778.3,4585.87,-128766.12
931.0,40.0,24.95,7.71,100.0,6.36,119.99,120.53,4778.16,4585.85,-128573.81
932.0,40.0,24.95,7.71,100.0,6.36,119.98,120.53,4778.03,4585.84,-128381.61
933.0,40.0,24.96,7.71,100.0,6.36,119.98,120.53,4777.92,4585.91,-128189.61
934.0,40.0,24.96,7.71,100.0,6.36,119.99,120.53,4777.8,4585.99,-127997.79
935.0,40.0,24.96,7.71,100.01,6.36,119.99,120.53,4777.7,4585.98,-127806.07
936.0,40.0,24.97,7.71,100.01,6.36,119.99,120.53,4777.61,4585.85,-127614.32
937.0,40.0,24.97,7.71,100.01,6.36,119.99,120.53,4777.52,4585.73,-127422.53
938.0,40.0,24.97,7.7,100.01,6.36,119.99,120.53,4777.43,4585.62,-127230.71
939.0,40.0,24.97,7.7,100.01,6.37,119.99,120.53,4777.36,4585.51,-127038.86
940.0,40.0,24.98,7.7,100.0,6.37,119.99,120.53,4777.29,4585.41,-126846.98
941.0,40.0,24.98,7.7,100.0,6.37,119.99,120.53,4777.22,4585.45,-126655.21
942.0,40.0,24.98,7.7,100.0,6.37,119.99,120.53,4777.16,4585.49,-126463.53
943.0,40.0,24.98,7.7,100.0,6.37,120.0,120.53,4777.11,4585.53,-126271.95
944.0,40.0,24.98,7.7,100.0,6.37,120.0,120.53,4777.05,4585.49,-126080.39
945.0,40.0,24.98,7.7,100.0,6.37,120.0,120.53,4777.01,4585.45,-125888.84
946.0,40.0,24.99,7.7,100.0,6.37,120.0,120.53,4776.96,4585.42,-125697.29
947.0,40.0,24.99,7.7,100.01,6.37,120.0,120.53,4776.92,4585.39,-125505.76
948.0,40.0,24.99,7.7,100.01,6.37,120.0,120.53,4776.88,4585.22,-125314.1
949.0,40.0,24.99,7.7,100.0,6.37,120.0,120.53,4776.85,4585.07,-125122.32
950.0,40.0,24.99,7.7,100.0,6.37,120.0,120.53,4776.82,4585.05,-124930.55
951.0,40.0,24.99,7.7,100.0,6.37,120.0,120.53,4776.79,4585.03,-124738.79
952.0,40.0,24.99,7.7,100.0,6.37,120.0,120.53,4776.76,4585.01,-124547.04
953.0,40.0,24.99,7.7,100.0,6.37,120.0,120.53,4776.74,4585.0,-124355.3
954.0,40.0,24.99,7.7,100.0,6.37,120.0,120.53,4776.71,4584.98,-124163.57
955.0,40.0,24.99,7.7,100.0,6.37,120.0,120.53,4776.69,4584.97,-123971.84
956.0,40.0,24.99,7.7,100.0,6.37,120.0,120.53,4776.68,4584.95,-123780.11
957.0,40.0,24.99,7.7,100.0,6.37,120.0,120.53,4776.66,4584.94,-123588.39
958.0,40.0,24.99,7.7,100.0,6.37,120.0,120.53,4776.64,4584.92,-123396.68
959.0,40.0,25.0,7.7,100.01,6.37,120.0,120.53,4776.63,4584.91,-123204.96
960.0,40.0,25.0,7.7,100.0,6.37,120.0,120.53,4776.61,4584.77,-123013.12
961.0,40.0,25.0,7.7,100.0,6.37,120.0,120.53,4776.6,4584.76,-122821.28
962.0,40.0,25.0,7.7,100.0,6.37,120.0,120.53,4776.59,4584.76,-122629.45
963.0,40.0,25.0,7.7,100.0,6.37,120.0,120.53,4776.58,4584.75,-122437.62
964.0,40.0,25.0,7.7,100.0,6.37,120.0,120.53,4776.57,4584.75,-122245.79
965.0,40.0,25.0,7.7,100.0,6.37,120.0,120.53,4776.56,4584.74,-122053.97
966.0,40.0,25.0,7.7,100.0,6.37,120.0,120.53,4776.55,4584.73,-121862.15
967.0,40.0,25.0,7.7,100.0,6.37,120.0,120.53,4776.55,4584.73,-121670.34
968.0,40.0,25.0,7.7,100.0,6.37,120.0,120.53,4776.54,4584.72,-121478.52
969.0,40.0,25.0,7.7,100.0,6.37,120.0,120.53,4776.53,4584.72,-121286.71
970.0,40.0,25.0,7.7,100.0,6.37,120.0,120.53,4776.53,4584.72,-121094.9
971.0,40.0,25.0,7.7,100.0,6.37,120.0,120.53,4776.52,4584.71,-120903.09
972.0,40.0,25.0,7.7,100.0,6.37,120.0,120.53,4776.52,4584.71,-120711.28
973.0,40.0,25.0,7.7,100.0,6.37,120.0,120.53,4776.51,4584.7,-120519.47
974.0,40.0,25.0,7.7,100.0,6.37,120.0,120.53,4776.51,4584.7,-120327.66
975.0,40.0,25.0,7.7,100.0,6.37,120.0,120.53,4776.51,4584.7,-120135.85
976.0,40.0,25.0,7.7,100.0,6.37,120.0,120.53,4776.5,4584.7,-119944.05
977.0,40.0,25.0,7.7,100.0,6.37,120.0,120.53,4776.5,4584.69,-119752.24
978.0,40.0,25.0,7.7,100.0,6.37,120.0,120.53,4776.5,4584.69,-119560.43
979.0,40.0,25.0,7.7,100.0,6.37,120.0,120.53,4776.5,4584.69,-119368.63
980.0,40.0,25.0,7.7,100.0,6.37,120.0,120.53,4776.49,4584.69,-119176.82
981.0,40.0,25.0,7.7,100.0,6.37,120.0,120.53,4776.49,4584.68,-118985.02
982.0,40.0,25.0,7.7,100.01,6.37,120.0,120.53,4776.49,4584.68,-118793.21
983.0,40.0,25.0,7.7,100.0,6.37,120.0,120.53,4776.49,4584.55,-118601.27
984.0,40.0,25.0,7.7,100.0,6.37,120.0,120.53,4776.49,4584.55,-118409.34
985.0,40.0,25.0,7.7,100.0,6.37,120.0,120.53,4776.48,4584.55,-118217.41
986.0,40.0,25.0,7.7,100.0,6.37,120.0,120.53,4776.48,4584.56,-118025.48
987.0,40.0,25.0,7.7,100.0,6.37,120.0,120.53,4776.48,4584.56,-117833.56
988.0,40.0,25.0,7.7,100.0,6.37,120.0,120.53,4776.48,4584.56,-117641.64
989.0,40.0,25.0,7.7,100.0,6.37,120.0,120.53,4776.48,4584.56,-117449.72
990.0,40.0,25.0,7.7,100.0,6.37,120.0,120.53,4776.48,4584.56,-117257.8
991.0,40.0,25.0,7.7,100.0,6.37,120.0,120.53,4776.48,4584.56,-117065.88
992.0,40.0,25.0,7.7,100.0,6.37,120.0,120.53,4776.48,4584.56,-116873.96
993.0,40.0,25.0,7.7,100.0,6.37,120.0,120.53,4776.48,4584.56,-116682.05
994.0,40.0,25.0,7.7,100.0,6.37,120.0,120.53,4776.48,4584.56,-116490.14
995.0,40.0,25.0,7.7,100.0,6.37,120.0,120.53,4776.48,4584.56,-116298.22
996.0,40.0,25.0,7.7,100.0,6.37,120.0,120.53,4776.48,4584.56,-116106.31
997.0,40.0,25.0,7.7,100.0,6.37,120.0,120.53,4776.47,4584.56,-115914.4
998.0,40.0,25.0,7.7,100.0,6.37,120.0,120.53,4776.47,4584.56,-115722.49
999.0,40.0,25.0,7.7,100.0,6.37,120.0,120.53,4776.47,4584.56,-115530.57
1000.0,40.0,25.0,7.7,100.0,6.37,120.0,120.53,4776.47,4584.56,-115338.66
1001.0,40.0,25.0,7.7,100.0,6.37,120.0,120.53,4776.47,4584.56,-115146.75
1002.0,40.0,25.0,7.7,100.0,6.37,120.0,120.53,4776.47,4584.56,-114954.84
1003.0,40.0,25.0,7.7,100.0,6.37,120.0,120.53,4776.47,4584.56,-114762.93
1004.0,40.0,25.0,7.7,100.0,6.37,120.0,120.53,4776.47,4584.56,-114571.02
1005.0,40.0,25.0,7.7,100.0,6.37,120.0,120.53,4776.47,4584.56,-114379.11
1006.0,40.0,25.0,7.7,100.0,6.37,120.0,120.53,4776.47,4584.56,-114187.2
1007.0,40.0,25.0,7.7,100.0,6.37,120.0,120.53,4776.47,4584.56,-113995.29
1008.0,40.0,25.0,7.7,100.0,6.37,120.0,120.53,4776.47,4584.56,-113803.38
1009.0,40.0,25.0,7.7,100.0,6.37,120.0,120.53,4776.47,4584.56,-113611.47
1010.0,40.0,25.0,7.7,100.0,6.37,120.0,120.53,4776.47,4584.56,-113419.56
1011.0,40.0,25.0,7.7,100.0,6.37,120.0,120.53,4776.47,4584.56,-113227.65
1012.0,40.0,25.0,7.7,100.0,6.37,120.0,120.53,4776.47,4584.56,-113035.73
1013.0,40.0,25.0,7.7,100.0,6.37,120.0,120.53,4776.47,4584.56,-112843.82
1014.0,40.0,25.0,7.7,100.0,6.37,120.0,120.53,4776.47,4584.56,-112651.91
1015.0,40.0,25.0,7.7,100.0,6.37,120.0,120.53,4776.47,4584.56,-112460.0
1016.0,40.0,25.0,7.7,100.0,6.37,120.0,120.53,4776.47,4584.56,-112268.09
1017.0,40.0,25.0,7.7,100.0,6.37,120.0,120.53,4776.47,4584.56,-112076.18
1018.0,40.0,25.0,7.7,100.0,6.37,120.0,120.53,4776.47,4584.56,-111884.27
1019.0,40.0,25.0,7.7,100.0,6.37,120.0,120.53,4776.47,4584.56,-111692.36
1020.0,40.0,25.0,7.7,100.0,6.37,120.0,120.53,4776.47,4584.56,-111500.45
1021.0,40.0,25.0,7.7,100.0,6.37,120.0,120.53,4776.47,4584.56,-111308.54
1022.0,40.0,25.0,7.7,100.0,6.37,120.0,120.53,4776.47,4584.56,-111116.63
1023.0,40.0,25.0,7.7,100.0,6.37,120.0,120.53,4776.47,4584.56,-110924.72
1024.0,40.0,25.0,7.7,100.0,6.37,120.0,120.53,4776.47,4584.56,-110732.81
1025.0,40.0,25.0,7.7,100.0,6.37,120.0,120.53,4776.47,4584.56,-110540.9
1026.0,40.0,25.0,7.7,100.0,6.37,120.0,120.53,4776.47,4584.56,-110348.99
1027.0,40.0,25.0,7.7,100.0,6.37,120.0,120.53,4776.47,4584.56,-110157.08
1028.0,40.0,25.0,7.7,100.0,6.37,120.0,120.53,4776.47,4584.56,-109965.17
1029.0,40.0,25.0,7.7,100.0,6.37,120.0,120.53,4776.47,4584.56,-109773.26
1030.0,40.0,25.0,7.7,100.0,6.37,120.0,120.53,4776.47,4584.56,-109581.35
1031.0,40.0,25.0,7.7,100.0,6.37,120.0,120.53,4776.47,4584.56,-109389.44
1032.0,40.0,25.0,7.7,100.0,6.37,120.0,120.53,4776.47,4584.56,-109197.53
1033.0,40.0,25.0,7.7,100.0,6.37,120.0,120.53,4776.47,4584.56,-109005.62
1034.0,40.0,25.0,7.7,100.0,6.37,120.0,120.53,4776.47,4584.56,-108813.71
1035.0,40.0,25.0,7.7,100.0,6.37,120.0,120.53,4776.47,4584.56,-108621.8
1036.0,40.0,25.0,7.7,100.0,6.37,120.0,120.53,4776.47,4584.56,-108429.89
1037.0,40.0,25.0,7.7,100.0,6.37,120.0,120.53,4776.47,4584.56,-108237.98
1038.0,40.0,25.0,7.7,100.0,6.37,120.0,120.53,4776.47,4584.56,-108046.07
1039.0,40.0,25.0,7.7,100.0,6.37,120.0,120.53,4776.47,4584.56,-107854.16
1040.0,40.0,25.0,7.7,100.0,6.37,120.0,120.53,4776.47,4584.56,-107662.25
1041.0,40.0,25.0,7.7,100.0,6.37,120.0,120.53,4776.47,4584.56,-107470.34
1042.0,40.0,25.0,7.7,100.0,6.37,120.0,120.53,4776.47,4584.56,-107278.43
1043.0,40.0,25.0,7.7,100.0,6.37,120.0,120.53,4776.47,4584.56,-107086.52
1044.0,40.0,25.0,7.7,100.0,6.37,120.0,120.53,4776.47,4584.56,-106894.61
1045.0,40.0,25.0,7.7,100.0,6.37,120.0,120.53,4776.47,4584.56,-106702.7
1046.0,40.0,25.0,7.7,100.0,6.37,120.0,120.53,4776.47,4584.56,-106510.79
1047.0,40.0,25.0,7.7,100.0,6.37,120.0,120.53,4776.47,4584.56,-106318.88
1048.0,40.0,25.0,7.7,100.0,6.37,120.0,120.53,4776.47,4584.56,-106126.97
1049.0,40.0,25.0,7.7,100.0,6.37,120.0,120.53,4776.47,4584.56,-105935.06
1050.0,40.0,25.0,7.7,100.0,6.37,120.0,120.53,4776.47,4584.56,-105743.15
1051.0,40.0,25.0,7.7,100.0,6.37,120.0,120.53,4776.47,4584.56,-105551.24
1052.0,40.0,25.0,7.7,100.0,6.37,120.0,120.53,4776.47,4584.56,-105359.33
1053.0,40.0,25.0,7.7,100.0,6.37,120.0,120.53,4776.47,4584.56,-105167.42
1054.0,40.0,25.0,7.7,100.0,6.37,120.0,120.53,4776.47,4584.56,-104975.51
1055.0,40.0,25.0,7.7,100.0,6.37,120.0,120.53,4776.47,4584.56,-104783.6
1056.0,40.0,25.0,7.7,100.0,6.37,120.0,120.53,4776.47,4584.56,-104591.69
1057.0,40.0,25.0,7.7,100.0,6.37,120.0,120.53,4776.47,4584.56,-104399.78
1058.0,40.0,25.0,7.7,100.0,6.37,120.0,120.53,4776.47,4584.56,-104207.87
1059.0,40.0,25.0,7.7,100.0,6.37,120.0,120.53,4776.47,4584.56,-104015.96
1060.0,40.0,25.0,7.7,100.0,6.37,120.0,120.53,4776.47,4584.56,-103824.05
1061.0,40.0,25.0,7.7,100.0,6.37,120.0,120.53,4776.47,4584.56,-103632.14
1062.0,40.0,25.0,7.7,100.0,6.37,120.0,120.53,4776.47,4584.56,-103440.23
1063.0,40.0,25.0,7.7,100.0,6.37,120.0,120.53,4776.47,4584.56,-103248.32
1064.0,40.0,25.0,7.7,100.0,6.37,120.0,120.53,4776.47,4584.56,-103056.41
1065.0,40.0,25.0,7.7,100.0,6.37,120.0,120.53,4776.47,4584.56,-102864.5
1066.0,40.0,25.0,7.7,100.0,6.37,120.0,120.53,4776.47,4584.56,-102672.59
1067.0,40.0,25.0,7.7,100.0,6.37,120.0,120.53,4776.47,4584.56,-102480.68
1068.0,40.0,25.0,7.7,100.0,6.37,120.0,120.53,4776.47,4584.56,-102288.77
1069.0,40.0,25.0,7.7,100.0,6.37,120.0,120.53,4776.47,4584.56,-102096.86
1070.0,40.0,25.0,7.7,100.0,6.37,120.0,120.53,4776.47,4584.56,-101904.95
1071.0,40.0,25.0,7.7,100.0,6.37,120.0,120.53,4776.47,4584.56,-101713.04
1072.0,40.0,25.0,7.7,100.0,6.37,120.0,120.53,4776.47,4584.56,-101521.13
1073.0,40.0,25.0,7.7,100.0,6.37,120.0,120.53,4776.47,4584.56,-101329.22
1074.0,40.0,25.0,7.7,100.0,6.37,120.0,120.53,4776.47,4584.56,-101137.31
1075.0,40.0,25.0,7.7,100.0,6.37,120.0,120.53,4776.47,4584.56,-100945.4
1076.0,40.0,25.0,7.7,100.0,6.37,120.0,120.53,4776.47,4584.56,-100753.49
1077.0,40.0,25.0,7.7,100.0,6.37,120.0,120.53,4776.47,4584.56,-100561.58
1078.0,40.0,25.0,7.7,100.0,6.37,120.0,120.53,4776.47,4584.56,-100369.67
1079.0,40.0,25.0,7.7,100.0,6.37,120.0,120.53,4776.47,4584.56,-100177.76
1080.0,40.0,25.0,7.7,100.0,6.37,120.0,120.53,4776.47,4584.56,-99985.85
1081.0,40.0,25.0,7.7,100.0,6.37,120.0,120.53,4776.47,4584.56,-99793.94
1082.0,40.0,25.0,7.7,100.0,6.37,120.0,120.53,4776.47,4584.56,-99602.03
1083.0,40.0,25.0,7.7,100.0,6.37,120.0,120.53,4776.47,4584.56,-99410.12
1084.0,40.0,25.0,7.7,100.0,6.37,120.0,120.53,4776.47,4584.56,-99218.21
1085.0,40.0,25.0,7.7,100.0,6.37,120.0,120.53,4776.47,4584.56,-99026.3
1086.0,40.0,25.0,7.7,100.0,6.37,120.0,120.53,4776.47,4584.56,-98834.39
1087.0,40.0,25.0,7.7,100.0,6.37,120.0,120.53,4776.47,4584.56,-98642.48
1088.0,40.0,25.0,7.7,100.0,6.37,120.0,120.53,4776.47,4584.56,-98450.57
1089.0,40.0,25.0,7.7,100.0,6.37,120.0,120.53,4776.47,4584.56,-98258.65
1090.0,40.0,25.0,7.7,100.0,6.37,120.0,120.53,4776.47,4584.56,-98066.74
1091.0,40.0,25.0,7.7,100.0,6.37,120.0,120.53,4776.47,4584.56,-97874.83
1092.0,40.0,25.0,7.7,100.0,6.37,120.0,120.53,4776.47,4584.56,-97682.92
1093.0,40.0,25.0,7.7,100.0,6.37,120.0,120.53,4776.47,4584.56,-97491.01
1094.0,40.0,25.0,7.7,100.0,6.37,120.0,120.53,4776.47,4584.56,-97299.1
1095.0,40.0,25.0,7.7,100.0,6.37,120.0,120.53,4776.47,4584.56,-97107.19
1096.0,40.0,25.0,7.7,100.0,6.37,120.0,120.53,4776.47,4584.56,-96915.28
1097.0,40.0,25.0,7.7,100.0,6.37,120.0,120.53,4776.47,4584.56,-96723.37
1098.0,40.0,25.0,7.7,100.0,6.37,120.0,120.53,4776.47,4584.56,-96531.46
1099.0,40.0,25.0,7.7,100.0,6.37,120.0,120.53,4776.47,4584.56,-96339.55
1100.0,40.0,25.0,7.7,100.0,6.37,120.0,120.53,4776.47,4584.56,-96147.64
1101.0,40.0,25.0,7.7,100.0,6.37,120.0,120.53,4776.47,4584.56,-95955.73
1102.0,40.0,25.0,7.7,100.0,6.37,120.0,120.53,4776.47,4584.56,-95763.82
1103.0,40.0,25.0,7.7,100.0,6.37,120.0,120.53,4776.47,4584.56,-95571.91
1104.0,40.0,25.0,7.7,100.0,6.37,120.0,120.53,4776.47,4584.56,-95380.0
1105.0,40.0,25.0,7.7,100.0,6.37,120.0,120.53,4776.47,4584.56,-95188.09
1106.0,40.0,25.0,7.7,100.0,6.37,120.0,120.53,4776.47,4584.56,-94996.18
1107.0,40.0,25.0,7.7,100.0,6.37,120.0,120.53,4776.47,4584.56,-94804.27
1108.0,40.0,25.0,7.7,100.0,6.37,120.0,120.53,4776.47,4584.56,-94612.36
1109.0,40.0,25.0,7.7,100.0,6.37,120.0,120.53,4776.47,4584.56,-94420.45
1110.0,40.0,25.0,7.7,100.0,6.37,120.0,120.53,4776.47,4584.56,-94228.54
1111.0,40.0,25.0,7.7,100.0,6.37,120.0,120.53,4776.47,4584.56,-94036.63
1112.0,40.0,25.0,7.7,100.0,6.37,120.0,120.53,4776.47,4584.56,-93844.72
1113.0,40.0,25.0,7.7,100.0,6.37,120.0,120.53,4776.47,4584.56,-93652.81
1114.0,40.0,25.0,7.7,100.0,6.37,120.0,120.53,4776.47,4584.56,-93460.9
1115.0,40.0,25.0,7.7,100.0,6.37,120.0,120.53,4776.47,4584.56,-93268.99
1116.0,40.0,25.0,7.7,100.0,6.37,120.0,120.53,4776.47,4584.56,-93077.08
1117.0,40.0,25.0,7.7,100.0,6.37,120.0,120.53,4776.47,4584.56,-92885.17
1118.0,40.0,25.0,7.7,100.0,6.37,120.0,120.53,4776.47,4584.56,-92693.26
1119.0,40.0,25.0,7.7,100.0,6.37,120.0,120.53,4776.47,4584.56,-92501.35
1120.0,40.0,25.0,7.7,100.0,6.37,120.0,120.53,4776.47,4584.56,-92309.44
1121.0,40.0,25.0,7.7,100.0,6.37,120.0,120.53,4776.47,4584.56,-92117.53
1122.0,40.0,25.0,7.7,100.0,6.37,120.0,120.53,4776.47,4584.56,-91925.62
1123.0,40.0,25.0,7.7,100.0,6.37,120.0,120.53,4776.47,4584.56,-91733.71
1124.0,40.0,25.0,7.7,100.0,6.37,120.0,120.53,4776.47,4584.56,-91541.8
1125.0,40.0,25.0,7.7,100.0,6.37,120.0,120.53,4776.47,4584.56,-91349.89
1126.0,40.0,25.0,7.7,100.0,6.37,120.0,120.53,4776.47,4584.56,-91157.98
1127.0,40.0,25.0,7.7,100.0,6.37,120.0,120.53,4776.47,4584.56,-90966.07
1128.0,40.0,25.0,7.7,100.0,6.37,120.0,120.53,4776.47,4584.56,-90774.16
1129.0,40.0,25.0,7.7,100.0,6.37,120.0,120.53,4776.47,4584.56,-90582.25
1130.0,40.0,25.0,7.7,100.0,6.37,120.0,120.53,4776.47,4584.56,-90390.34
1131.0,40.0,25.0,7.7,100.0,6.37,120.0,120.53,4776.47,4584.56,-90198.43
1132.0,40.0,25.0,7.7,100.0,6.37,120.0,120.53,4776.47,4584.56,-90006.52
1133.0,40.0,25.0,7.7,100.0,6.37,120.0,120.53,4776.47,4584.56,-89814.61
1134.0,40.0,25.0,7.7,100.0,6.37,120.0,120.53,4776.47,4584.56,-89622.7
1135.0,40.0,25.0,7.7,100.0,6.37,120.0,120.53,4776.47,4584.56,-89430.79
1136.0,40.0,25.0,7.7,100.0,6.37,120.0,120.53,4776.47,4584.56,-89238.88
1137.0,40.0,25.0,7.7,100.0,6.37,120.0,120.53,4776.47,4584.56,-89046.97
1138.0,40.0,25.0,7.7,100.0,6.37,120.0,120.53,4776.47,4584.56,-88855.06
1139.0,40.0,25.0,7.7,100.0,6.37,120.0,120.53,4776.47,4584.56,-88663.15
1140.0,40.0,25.0,7.7,100.0,6.37,120.0,120.53,4776.47,4584.56,-88471.24
1141.0,40.0,25.0,7.7,100.0,6.37,120.0,120.53,4776.47,4584.56,-88279.33
1142.0,40.0,25.0,7.7,100.0,6.37,120.0,120.53,4776.47,4584.56,-88087.42
1143.0,40.0,25.0,7.7,100.0,6.37,120.0,120.53,4776.47,4584.56,-87895.51
1144.0,40.0,25.0,7.7,100.0,6.37,120.0,120.53,4776.47,4584.56,-87703.6
1145.0,40.0,25.0,7.7,100.0,6.37,120.0,120.53,4776.47,4584.56,-87511.69
1146.0,40.0,25.0,7.7,100.0,6.37,120.0,120.53,4776.47,4584.56,-87319.78
1147.0,40.0,25.0,7.7,100.0,6.37,120.0,120.53,4776.47,4584.56,-87127.87
1148.0,40.0,25.0,7.7,100.0,6.37,120.0,120.53,4776.47,4584.56,-86935.96
1149.0,40.0,25.0,7.7,100.0,6.37,120.0,120.53,4776.47,4584.56,-86744.05
1150.0,40.0,25.0,7.7,100.0,6.37,120.0,120.53,4776.47,4584.56,-86552.14
1151.0,40.0,25.0,7.7,100.0,6.37,120.0,120.53,4776.47,4584.56,-86360.23
1152.0,40.0,25.0,7.7,100.0,6.37,120.0,120.53,4776.47,4584.56,-86168.32
1153.0,40.0,25.0,7.7,100.0,6.37,120.0,120.53,4776.47,4584.56,-85976.41
1154.0,40.0,25.0,7.7,100.0,6.37,120.0,120.53,4776.47,4584.56,-85784.5
1155.0,40.0,25.0,7.7,100.0,6.37,120.0,120.53,4776.47,4584.56,-85592.59
1156.0,40.0,25.0,7.7,100.0,6.37,120.0,120.53,4776.47,4584.56,-85400.68
1157.0,40.0,25.0,7.7,100.0,6.37,120.0,120.53,4776.47,4584.56,-85208.77
1158.0,40.0,25.0,7.7,100.0,6.37,120.0,120.53,4776.47,4584.56,-85016.86
1159.0,40.0,25.0,7.7,100.0,6.37,120.0,120.53,4776.47,4584.56,-84824.95
1160.0,40.0,25.0,7.7,100.0,6.37,120.0,120.53,4776.47,4584.56,-84633.04
1161.0,40.0,25.0,7.7,100.0,6.37,120.0,120.53,4776.47,4584.56,-84441.13
1162.0,40.0,25.0,7.7,100.0,6.37,120.0,120.53,4776.47,4584.56,-84249.22
1163.0,40.0,25.0,7.7,100.0,6.37,120.0,120.53,4776.47,4584.56,-84057.31
1164.0,40.0,25.0,7.7,100.0,6.37,120.0,120.53,4776.47,4584.56,-83865.4
1165.0,40.0,25.0,7.7,100.0,6.37,120.0,120.53,4776.47,4584.56,-83673.49
1166.0,40.0,25.0,7.7,100.0,6.37,120.0,120.53,4776.47,4584.56,-83481.58
1167.0,40.0,25.0,7.7,100.0,6.37,120.0,120.53,4776.47,4584.56,-83289.67
1168.0,40.0,25.0,7.7,100.0,6.37,120.0,120.53,4776.47,4584.56,-83097.76
1169.0,40.0,25.0,7.7,100.0,6.37,120.0,120.53,4776.47,4584.56,-82905.85
1170.0,40.0,25.0,7.7,100.0,6.37,120.0,120.53,4776.47,4584.56,-82713.94
1171.0,40.0,25.0,7.7,100.0,6.37,120.0,120.53,4776.47,4584.56,-82522.03
1172.0,40.0,25.0,7.7,100.0,6.37,120.0,120.53,4776.47,4584.56,-82330.12
1173.0,40.0,25.0,7.7,100.0,6.37,120.0,120.53,4776.47,4584.56,-82138.2
1174.0,40.0,25.0,7.7,100.0,6.37,120.0,120.53,4776.47,4584.56,-81946.29
1175.0,40.0,25.0,7.7,100.0,6.37,120.0,120.53,4776.47,4584.56,-81754.38
1176.0,40.0,25.0,7.7,100.0,6.37,120.0,120.53,4776.47,4584.56,-81562.47
1177.0,40.0,25.08,7.7,100.01,6.37,120.0,120.53,4774.47,4582.7,-81370.7
1178.0,40.0,25.14,7.7,100.02,6.37,120.0,120.53,4772.82,4581.01,-81178.89
1179.0,40.0,25.19,7.7,100.03,6.37,120.01,120.53,4771.47,4579.47,-80986.89
1180.0,40.0,25.23,7.7,100.04,6.37,120.01,120.53,4770.38,4577.97,-80794.48
1181.0,40.0,25.26,7.7,100.06,6.37,120.01,120.53,4769.53,4576.56,-80601.51
1182.0,40.0,25.28,7.7,100.06,6.37,120.02,120.53,4768.88,4575.09,-80407.71
1183.0,40.0,25.3,7.7,100.07,6.36,120.02,120.53,4768.41,4573.73,-80213.03
1184.0,40.0,25.31,7.69,100.07,6.36,120.03,120.53,4768.09,4572.39,-80017.33
1185.0,40.0,25.31,7.69,100.07,6.36,120.03,120.53,4767.9,4571.12,-79820.55
1186.0,40.0,25.31,7.69,100.06,6.36,120.03,120.53,4767.81,4569.97,-79622.7
1187.0,40.0,25.31,7.69,100.05,6.36,120.02,120.53,4767.82,4569.05,-79423.93
1188.0,40.0,25.3,7.69,100.05,6.36,120.02,120.53,4767.91,4568.42,-79224.45
1189.0,40.0,25.29,7.69,100.04,6.36,120.02,120.53,4768.05,4567.86,-79024.25
1190.0,40.0,25.28,7.68,100.02,6.36,120.01,120.53,4768.25,4567.48,-78823.49
1191.0,40.0,25.27,7.68,100.01,6.36,120.0,120.53,4768.48,4567.48,-78622.48
1192.0,40.0,25.26,7.68,100.0,6.36,120.0,120.53,4768.75,4567.71,-78421.44
1193.0,40.0,25.25,7.68,99.99,6.36,119.99,120.53,4769.04,4568.09,-78220.49
1194.0,40.0,25.24,7.68,99.98,6.36,119.98,120.53,4769.34,4568.67,-78019.82
1195.0,40.0,25.23,7.68,99.97,6.36,119.98,120.53,4769.66,4569.46,-77819.62
1196.0,40.0,25.22,7.68,99.97,6.36,119.97,120.53,4769.98,4570.37,-77620.01
1197.0,40.0,25.2,7.69,99.96,6.36,119.97,120.53,4770.31,4571.34,-77421.05
1198.0,40.0,25.19,7.69,99.96,6.36,119.97,120.53,4770.63,4572.43,-77222.85
1199.0,40.0,25.18,7.69,99.96,6.36,119.96,120.53,4770.95,4573.49,-77025.4
1200.0,40.0,25.17,7.69,99.96,6.36,119.96,120.53,4771.26,4574.61,-76828.76
1201.0,40.0,25.16,7.69,99.96,6.37,119.96,120.53,4771.56,4575.72,-76632.91
1202.0,40.0,25.15,7.69,99.96,6.37,119.97,120.53,4771.86,4576.8,-76437.85
1203.0,40.0,25.14,7.69,99.97,6.37,119.97,120.53,4772.14,4577.78,-76243.49
1204.0,40.0,25.13,7.69,99.97,6.37,119.97,120.53,4772.41,4578.61,-76049.68
1205.0,40.0,25.12,7.69,99.97,6.37,119.98,120.53,4772.68,4579.43,-75856.43
1206.0,40.0,25.11,7.7,99.97,6.37,119.98,120.53,4772.92,4580.15,-75663.66
1207.0,40.0,25.11,7.7,99.98,6.38,119.98,120.53,4773.16,4580.86,-75471.36
1208.0,40.0,25.1,7.7,99.98,6.38,119.99,120.53,4773.39,4581.43,-75279.4
1209.0,40.0,25.09,7.7,99.98,6.38,119.99,120.53,4773.6,4581.91,-75087.71
1210.0,40.0,25.08,7.7,99.99,6.38,120.0,120.53,4773.8,4582.38,-74896.28
1211.0,40.0,25.08,7.7,99.99,6.38,120.0,120.53,4773.99,4582.62,-74704.92
1212.0,40.0,25.07,7.7,99.99,6.38,120.01,120.53,4774.17,4582.87,-74513.62
1213.0,40.0,25.07,7.7,99.99,6.38,120.01,120.53,4774.33,4583.03,-74322.32
1214.0,40.0,25.06,7.7,99.99,6.38,120.01,120.53,4774.49,4583.18,-74131.01
1215.0,40.0,25.06,7.7,100.0,6.38,120.01,120.53,4774.64,4583.33,-73939.7
1216.0,40.0,25.05,7.7,100.0,6.38,120.01,120.53,4774.77,4583.34,-73748.27
1217.0,40.0,25.05,7.7,100.0,6.37,120.02,120.53,4774.9,4583.35,-73556.72
1218.0,40.0,25.04,7.7,100.0,6.37,120.02,120.53,4775.02,4583.28,-73364.97
1219.0,40.0,25.04,7.7,100.0,6.37,120.02,120.53,4775.13,4583.2,-73173.04
1220.0,40.0,25.04,7.7,100.0,6.37,120.01,120.53,4775.24,4583.12,-72980.92
1221.0,40.0,25.03,7.7,100.0,6.37,120.01,120.53,4775.33,4583.12,-72788.7
1222.0,40.0,25.03,7.7,99.99,6.37,120.01,120.53,4775.42,4583.11,-72596.39
1223.0,40.0,25.03,7.7,99.99,6.37,120.01,120.53,4775.5,4583.23,-72404.12
1224.0,40.0,25.03,7.7,99.99,6.37,120.01,120.53,4775.58,4583.34,-72211.88
1225.0,40.0,25.02,7.7,99.99,6.37,120.01,120.53,4775.65,4583.45,-72019.68
1226.0,40.0,25.02,7.7,99.99,6.37,120.01,120.53,4775.72,4583.55,-71827.51
1227.0,40.0,25.02,7.7,100.0,6.37,120.0,120.53,4775.78,4583.64,-71635.38
1228.0,40.0,25.02,7.7,100.0,6.37,120.0,120.53,4775.83,4583.67,-71443.22
1229.0,40.0,25.02,7.7,100.0,6.37,120.0,120.53,4775.89,4583.71,-71251.04
1230.0,40.0,25.02,7.7,100.0,6.37,120.0,120.53,4775.93,4583.74,-71058.84
1231.0,40.0,25.01,7.7,100.0,6.37,120.0,120.53,4775.98,4583.77,-70866.64
1232.0,40.0,25.01,7.5,91.05,6.57,119.0,120.45,1860.97,2247.69,-71253.36
1233.0,40.0,25.01,7.3,83.5,6.77,117.36,120.5,1888.78,2346.07,-71710.64
1234.0,40.0,25.01,7.1,77.11,6.97,115.34,120.65,1911.97,2435.25,-72233.93
1235.0,40.0,25.01,6.9,71.69,7.17,113.15,120.66,1931.28,2516.49,-72819.14
1236.0,40.0,25.01,6.7,67.09,7.37,110.91,120.67,1947.38,2590.89,-73462.64
1237.0,40.0,25.01,6.5,63.15,7.57,108.74,120.8,1960.8,2659.4,-74161.24
1238.0,40.0,25.01,6.3,59.78,7.77,106.69,120.81,1971.98,2722.88,-74912.13
1239.0,40.0,25.01,6.1,56.87,7.97,104.81,120.79,1981.3,2782.06,-75712.88
1240.0,40.0,25.01,5.9,54.35,8.17,103.11,120.75,1989.07,2837.59,-76561.4
1241.0,40.0,25.01,5.7,52.16,8.37,101.62,120.83,1995.54,2890.03,-77455.88
1242.0,40.0,25.01,5.5,50.24,8.57,100.33,120.92,2000.94,2939.86,-78394.8
1243.0,40.0,25.01,5.3,48.54,8.77,99.24,120.95,2005.44,2987.5,-79376.86
1244.0,40.0,25.0,5.1,47.03,8.97,98.34,120.99,2009.18,3033.32,-80401.0
1245.0,40.0,25.0,4.9,45.68,9.17,97.62,121.02,2012.31,3077.64,-81466.34
1246.0,40.0,25.0,4.7,44.46,9.37,97.07,120.68,2014.91,3120.73,-82572.16
1247.0,40.0,25.0,4.5,43.35,9.57,96.67,120.74,2017.08,3162.81,-83717.89
1248.0,40.0,25.0,4.3,42.33,9.77,96.42,120.8,2018.89,3204.1,-84903.1
1249.0,40.0,25.0,4.1,41.38,9.97,96.29,120.64,2020.4,3244.77,-86127.47
1250.0,40.0,25.0,3.9,40.5,10.17,96.27,120.54,2021.65,3284.96,-87390.78
1251.0,40.0,25.0,3.7,39.67,10.37,96.36,120.78,2022.7,3324.81,-88692.88
1252.0,40.0,25.0,3.5,38.88,10.57,96.54,120.81,2023.57,3364.42,-90033.73
1253.0,40.0,25.0,3.3,38.13,10.77,96.8,120.89,2024.3,3403.89,-91413.32
1254.0,40.0,25.0,3.1,37.41,10.97,97.13,120.85,2024.91,3443.3,-92831.71
1255.0,40.0,25.0,2.9,36.71,11.17,97.54,120.92,2025.42,3482.73,-94289.02
1256.0,40.0,25.0,2.7,36.04,11.37,97.99,120.96,2025.84,3522.22,-95785.4
1257.0,40.0,25.0,2.5,35.39,11.57,98.51,120.91,2026.19,3561.83,-97321.04
1258.0,40.0,25.0,2.3,34.74,11.77,99.07,120.92,2026.48,3601.6,-98896.16
1259.0,40.0,25.0,2.1,34.11,11.97,99.67,120.83,2026.73,3641.57,-100511.01
1260.0,40.0,25.0,1.9,33.5,12.17,100.3,120.76,2026.93,3681.77,-102165.85
1261.0,40.0,25.0,1.7,32.89,12.37,100.97,120.77,2027.1,3722.23,-103860.98
1262.0,40.0,25.0,1.5,32.28,12.57,101.67,120.78,2027.24,3762.98,-105596.72
1263.0,40.0,25.0,1.3,31.68,12.77,102.4,120.75,2027.36,3804.02,-107373.37
1264.0,40.0,25.0,1.1,31.09,12.97,103.15,120.7,2027.46,3845.38,-109191.29
1265.0,40.0,25.0,1.0,30.55,13.17,103.93,120.76,2027.54,3900.32,-111064.07
1266.0,40.0,25.0,1.0,30.1,13.37,104.74,120.7,2027.61,3968.26,-113004.72
1267.0,40.0,25.0,1.0,29.72,13.57,105.58,120.95,2027.67,4034.68,-115011.73
1268.0,40.0,25.0,1.0,29.41,13.77,106.45,120.86,2027.71,4099.81,-117083.83
1269.0,40.0,25.0,1.0,29.15,13.97,107.35,120.94,2027.75,4163.84,-119219.92
1270.0,40.0,25.0,1.0,28.93,14.17,108.29,121.06,2027.79,4226.95,-121419.08
1271.0,40.0,25.0,1.0,28.75,14.37,109.25,120.83,2027.82,4289.28,-123680.55
1272.0,40.0,25.0,1.0,28.6,14.57,110.24,120.66,2027.84,4350.94,-126003.65
1273.0,40.0,25.0,1.0,28.47,14.77,111.26,120.64,2027.86,4412.04,-128387.82
1274.0,40.0,25.0,1.0,28.37,14.97,112.29,120.59,2027.87,4472.66,-130832.61
1275.0,40.0,25.0,1.0,28.28,15.0,113.18,120.59,2027.89,4484.28,-133289.0
1276.0,40.0,25.0,1.0,28.2,15.0,113.92,120.59,2027.9,4486.26,-135747.36
1277.0,40.0,25.0,1.0,28.14,15.0,114.53,120.59,2027.91,4487.91,-138207.35
1278.0,40.0,25.0,1.0,28.09,15.0,115.03,120.59,2027.92,4489.28,-140668.72
1279.0,40.0,25.0,1.0,28.05,15.0,115.45,120.59,2027.92,4490.42,-143131.22
1280.0,40.0,25.0,1.0,28.02,15.0,115.8,120.59,2027.93,4491.38,-145594.67
1281.0,40.0,25.0,1.0,27.99,15.0,116.08,120.59,2027.93,4492.17,-148058.91
1282.0,40.0,25.0,1.0,27.96,15.0,116.32,120.59,2027.94,4492.84,-150523.81
1283.0,40.0,25.0,1.0,27.94,15.0,116.51,120.59,2027.94,4493.39,-152989.26
1284.0,40.0,25.0,1.0,27.92,15.0,116.68,120.59,2027.94,4493.85,-155455.16
1285.0,40.0,25.0,1.0,27.91,15.0,116.81,120.59,2027.95,4494.23,-157921.45
1286.0,40.0,25.0,1.0,27.9,15.0,116.92,120.59,2027.95,4494.55,-160388.06
1287.0,40.0,25.0,1.0,27.89,15.0,117.01,120.59,2027.95,4494.82,-162854.93
1288.0,40.0,25.0,1.0,27.88,15.0,117.09,120.59,2027.95,4495.04,-165322.02
1289.0,40.0,25.0,1.0,27.87,15.0,117.15,120.59,2027.95,4495.23,-167789.29
1290.0,40.0,25.0,1.0,27.87,15.0,117.2,120.59,2027.95,4495.38,-170256.72
1291.0,40.0,25.0,1.0,27.86,15.0,117.25,120.59,2027.95,4495.51,-172724.28
1292.0,40.0,25.0,1.0,27.86,15.0,117.28,120.59,2027.95,4495.62,-175191.94
1293.0,40.0,25.0,1.0,27.86,15.0,117.31,120.59,2027.95,4495.71,-177659.69
1294.0,40.0,25.0,1.0,27.85,15.0,117.34,120.59,2027.95,4495.78,-180127.52
1295.0,40.0,25.0,1.0,27.85,15.0,117.36,120.59,2027.96,4495.84,-182595.4
1296.0,40.0,25.0,1.0,27.85,15.0,117.37,120.59,2027.96,4495.89,-185063.34
1297.0,40.0,25.0,1.0,27.85,15.0,117.39,120.59,2027.96,4495.94,-187531.32
1298.0,40.0,25.0,1.0,27.85,15.0,117.4,120.59,2027.96,4495.97,-189999.34
1299.0,40.0,25.0,1.0,27.85,15.0,117.41,120.59,2027.96,4496.0,-192467.39
1300.0,40.0,25.0,1.0,27.84,15.0,117.41,120.59,2027.96,4496.03,-194935.46
1301.0,40.0,25.0,1.0,27.84,15.0,117.42,120.59,2027.96,4496.05,-197403.55
1302.0,40.0,25.0,1.0,27.84,15.0,117.43,120.59,2027.96,4496.07,-199871.66
1303.0,40.0,25.0,1.0,27.84,15.0,117.43,120.59,2027.96,4496.08,-202339.79
1304.0,40.0,25.0,1.0,27.84,15.0,117.43,120.59,2027.96,4496.09,-204807.92
1305.0,40.0,25.0,1.0,27.84,15.0,117.44,120.59,2027.96,4496.1,-207276.07
1306.0,40.0,25.0,1.0,27.84,15.0,117.44,120.59,2027.96,4496.11,-209744.22
1307.0,40.0,25.0,1.0,27.84,15.0,117.44,120.59,2027.96,4496.12,-212212.39
1308.0,40.0,25.0,1.0,27.84,15.0,117.44,120.59,2027.96,4496.12,-214680.55
1309.0,40.0,25.0,1.0,27.84,15.0,117.44,120.59,2027.96,4496.13,-217148.73
1310.0,40.0,25.0,1.0,27.84,15.0,117.45,120.59,2027.96,4496.13,-219616.9
1311.0,40.0,25.0,1.0,27.84,15.0,117.45,120.59,2027.96,4496.14,-222085.08
1312.0,40.0,25.0,1.0,27.84,15.0,117.45,120.59,2027.96,4496.14,-224553.26
1313.0,40.0,25.0,1.0,27.84,15.0,117.45,120.59,2027.96,4496.14,-227021.45
1314.0,40.0,25.0,1.0,27.84,15.0,117.45,120.59,2027.96,4496.14,-229489.63
1315.0,40.0,25.0,1.0,27.84,15.0,117.45,120.59,2027.96,4496.15,-231957.82
1316.0,40.0,25.0,1.0,27.84,15.0,117.45,120.59,2027.96,4496.15,-234426.01
1317.0,40.0,25.0,1.0,27.84,15.0,117.45,120.59,2027.96,4496.15,-236894.2
1318.0,40.0,25.0,1.0,27.84,15.0,117.45,120.59,2027.96,4496.15,-239362.39
1319.0,40.0,25.0,1.0,27.84,15.0,117.45,120.59,2027.96,4496.15,-241830.59
1320.0,40.0,25.0,1.0,27.84,15.0,117.45,120.59,2027.96,4496.15,-244298.78
1321.0,40.0,25.0,1.0,27.84,15.0,117.45,120.59,2027.96,4496.15,-246766.97
1322.0,40.0,25.0,1.0,27.84,15.0,117.45,120.59,2027.96,4496.15,-249235.17
1323.0,40.0,25.0,1.0,27.84,15.0,117.45,120.59,2027.96,4496.15,-251703.36
1324.0,40.0,25.0,3.16,32.5,15.0,117.77,120.59,5253.12,5690.11,-252140.36
1325.0,40.0,25.0,5.19,39.67,15.0,118.53,120.59,5173.68,6433.77,-253400.45
1326.0,40.0,25.0,7.0,48.59,15.0,119.77,120.59,5107.48,7030.55,-255323.52
1327.0,40.0,25.0,8.54,58.52,15.0,121.49,120.59,5052.31,7475.78,-257746.99
1328.0,40.0,25.0,9.79,68.81,14.93,123.57,120.59,5006.34,7757.04,-260497.7
1329.0,40.0,25.0,10.72,78.91,14.75,125.88,119.72,4968.02,7882.81,-263412.48
1330.0,40.0,25.0,11.35,88.35,14.45,128.29,119.75,4936.1,7871.13,-266347.52
1331.0,40.0,25.0,11.7,96.79,14.04,130.69,119.99,4909.49,7744.13,-269182.15
1332.0,40.0,25.0,11.8,103.97,13.5,132.95,120.28,4887.32,7524.94,-271819.77
1333.0,40.0,25.0,11.68,109.77,12.86,135.0,120.15,4868.85,7236.42,-274187.35
1334.0,40.0,25.0,11.39,114.12,12.11,136.74,120.03,4853.45,6898.92,-276232.82
1335.0,40.0,25.0,10.96,117.06,11.27,138.1,120.07,4840.62,6530.58,-277922.77
1336.0,40.0,25.0,10.45,118.68,10.36,139.02,119.7,4829.93,6146.61,-279239.46
1337.0,40.0,25.0,9.89,119.12,9.41,139.45,120.55,4821.02,5759.84,-280178.28
1338.0,40.0,25.0,9.32,118.56,8.44,139.37,120.86,4813.59,5381.13,-280745.82
1339.0,40.0,25.0,8.76,117.18,7.47,138.74,120.85,4807.41,5019.65,-280958.06
1340.0,40.0,25.0,8.25,115.2,6.54,137.59,120.47,4802.25,4683.85,-280839.66
1341.0,40.0,25.0,7.79,112.81,5.66,135.95,120.31,4797.95,4380.85,-280422.55
1342.0,40.0,25.0,7.41,110.2,4.86,133.87,121.07,4794.37,4116.98,-279745.16
1343.0,40.0,25.0,7.1,107.52,4.17,131.46,119.91,4791.39,3897.47,-278851.25
1344.0,40.0,25.0,6.87,104.92,3.59,128.8,120.11,4788.9,3726.16,-277788.5
1345.0,40.0,25.0,6.73,102.52,3.15,126.02,120.16,4786.83,3605.17,-276606.84
1346.0,40.0,25.0,6.65,100.39,2.85,123.23,120.52,4785.1,3534.43,-275356.17
1347.0,40.0,25.0,6.64,98.6,2.69,120.56,120.56,4783.66,3512.05,-274084.55
1348.0,40.0,25.0,6.68,97.18,2.66,118.11,120.59,4782.47,3533.82,-272835.91
1349.0,40.0,25.0,6.77,96.13,2.76,115.96,120.56,4781.47,3593.8,-271648.24
1350.0,40.0,25.0,6.88,95.45,2.96,114.17,120.21,4780.63,3684.9,-270552.51
1351.0,40.0,25.0,7.02,95.1,3.25,112.8,119.95,4779.94,3799.12,-269571.69
1352.0,40.0,25.0,7.17,95.04,3.61,111.85,120.11,4779.36,3928.21,-268720.53
1353.0,40.0,25.0,7.32,95.24,4.02,111.31,120.13,4778.88,4064.4,-268006.05
1354.0,40.0,25.0,7.46,95.64,4.45,111.15,120.51,4778.48,4200.45,-267428.02
1355.0,40.0,25.0,7.59,96.18,4.89,111.34,120.91,4778.14,4330.36,-266980.24
1356.0,40.0,25.0,7.7,96.82,5.33,111.82,120.99,4777.86,4449.4,-266651.78
1357.0,40.0,25.0,7.8,97.5,5.74,112.53,120.48,4777.63,4554.11,-266428.26
1358.0,40.0,25.0,7.87,98.2,6.11,113.41,120.66,4777.44,4642.49,-266293.31
1359.0,40.0,25.0,7.93,98.86,6.44,114.41,120.51,4777.28,4713.42,-266229.45
1360.0,40.0,25.0,7.96,99.47,6.72,115.46,120.45,4777.14,4767.04,-266219.35
1361.0,40.0,25.0,7.98,100.01,6.95,116.52,120.65,4777.03,4804.14,-266246.46
1362.0,40.0,25.0,7.98,100.45,7.12,117.55,120.69,4776.94,4826.04,-266295.56
1363.0,40.0,25.0,7.96,100.8,7.24,118.51,120.66,4776.86,4834.68,-266353.38
1364.0,40.0,25.0,7.94,101.05,7.32,119.38,120.72,4776.79,4832.01,-266408.6
1365.0,40.0,25.0,7.91,101.21,7.35,120.14,120.72,4776.74,4820.2,-266452.06
1366.0,40.0,25.0,7.87,101.28,7.34,120.78,120.72,4776.7,4801.31,-266476.67
1367.0,40.0,25.0,7.83,101.28,7.3,121.29,120.72,4776.66,4777.4,-266477.42
1368.0,40.0,25.0,7.8,101.22,7.24,121.67,120.66,4776.63,4750.3,-266451.09
1369.0,40.0,25.0,7.76,101.11,7.15,121.94,120.66,4776.6,4721.65,-266396.15
1370.0,40.0,25.0,7.73,100.96,7.06,122.09,120.58,4776.58,4692.82,-266312.39
1371.0,40.0,25.0,7.7,100.79,6.95,122.15,120.65,4776.56,4665.11,-266200.94
1372.0,40.0,25.0,7.67,100.61,6.84,122.11,120.57,4776.55,4639.36,-266063.75
1373.0,40.0,25.0,7.65,100.43,6.74,122.01,120.5,4776.53,4616.34,-265903.57
1374.0,40.0,25.0,7.64,100.26,6.64,121.85,120.71,4776.52,4596.45,-265723.5
1375.0,40.0,25.0,7.63,100.1,6.55,121.65,120.45,4776.51,4579.95,-265526.94
1376.0,40.0,25.0,7.63,99.97,6.46,121.42,120.52,4776.51,4566.98,-265317.41
1377.0,40.0,25.0,7.63,99.86,6.39,121.18,120.51,4776.5,4557.33,-265098.24
1378.0,40.0,25.0,7.64,99.78,6.33,120.94,120.55,4776.5,4550.82,-264872.56
1379.0,40.0,25.0,7.64,99.72,6.29,120.7,120.41,4776.49,4547.04,-264643.1
1380.0,40.0,25.0,7.65,99.68,6.25,120.48,120.37,4776.49,4545.74,-264412.35
1381.0,40.0,25.0,7.66,99.66,6.23,120.29,120.56,4776.48,4546.51,-264182.37
1382.0,40.0,25.0,7.67,99.67,6.21,120.12,120.56,4776.48,4548.86,-263954.75
1383.0,40.0,25.0,7.68,99.69,6.21,119.97,120.56,4776.48,4552.26,-263730.53
1384.0,40.0,25.0,7.69,99.72,6.21,119.86,120.56,4776.48,4556.46,-263510.52
1385.0,40.0,25.0,7.7,99.76,6.22,119.77,120.56,4776.48,4561.03,-263295.07
1386.0,40.0,25.0,7.71,99.8,6.23,119.71,120.56,4776.48,4565.7,-263084.29
1387.0,40.0,25.0,7.71,99.85,6.24,119.68,120.45,4776.47,4570.26,-262878.07
1388.0,40.0,25.0,7.72,99.9,6.26,119.66,120.37,4776.47,4574.38,-262675.98
1389.0,40.0,25.0,7.72,99.94,6.27,119.66,120.37,4776.47,4577.99,-262477.5
1390.0,40.0,25.0,7.72,99.98,6.29,119.67,120.4,4776.47,4581.09,-262282.12
1391.0,40.0,25.0,7.72,100.01,6.31,119.7,120.55,4776.47,4583.62,-262089.26
1392.0,40.0,25.0,7.72,100.04,6.32,119.73,120.55,4776.47,4585.56,-261898.35
1393.0,40.0,25.0,7.72,100.06,6.34,119.77,120.55,4776.47,4586.91,-261708.79
1394.0,40.0,25.0,7.72,100.08,6.35,119.81,120.55,4776.47,4587.75,-261520.07
1395.0,40.0,25.0,7.72,100.09,6.36,119.84,120.53,4776.47,4588.05,-261331.65
1396.0,40.0,25.0,7.71,100.09,6.37,119.88,120.53,4776.47,4588.05,-261143.23
1397.0,40.0,25.0,7.71,100.09,6.37,119.91,120.53,4776.47,4587.78,-260954.54
1398.0,40.0,25.0,7.71,100.08,6.38,119.94,120.53,4776.47,4587.32,-260765.39
1399.0,40.0,25.0,7.71,100.07,6.38,119.97,120.53,4776.47,4586.79,-260575.71
1400.0,40.0,25.0,7.7,100.06,6.38,119.99,120.53,4776.47,4586.19,-260385.42
1401.0,40.0,25.0,7.7,100.05,6.38,120.0,120.53,4776.47,4585.57,-260194.52
1402.0,40.0,25.0,7.7,100.04,6.38,120.01,120.53,4776.47,4585.02,-260003.07
1403.0,40.0,25.0,7.7,100.02,6.38,120.02,120.53,4776.47,4584.53,-259811.13
1404.0,40.0,25.0,7.7,100.01,6.38,120.03,120.53,4776.47,4584.22,-259618.88
1405.0,40.0,25.0,7.7,100.0,6.38,120.03,120.53,4776.47,4583.96,-259426.36
1406.0,40.0,25.0,7.7,99.99,6.38,120.03,120.53,4776.47,4583.81,-259233.7
1407.0,40.0,25.0,7.7,99.99,6.38,120.02,120.53,4776.47,4583.78,-259041.02
1408.0,40.0,25.0,7.7,99.98,6.37,120.02,120.53,4776.47,4583.82,-258848.37
1409.0,40.0,25.0,7.7,99.98,6.37,120.02,120.53,4776.47,4583.97,-258655.87
1410.0,40.0,25.0,7.7,99.98,6.37,120.01,120.53,4776.47,4584.11,-258463.51
1411.0,40.0,25.0,7.7,99.98,6.37,120.01,120.53,4776.47,4584.31,-258271.35
1412.0,40.0,25.0,7.7,99.98,6.37,120.01,120.53,4776.47,4584.5,-258079.38
1413.0,40.0,25.0,7.7,99.98,6.37,120.01,120.53,4776.47,4584.68,-257887.59
1414.0,40.0,25.0,7.7,99.98,6.37,120.0,120.53,4776.47,4584.85,-257695.97
1415.0,40.0,25.0,7.7,99.99,6.37,120.0,120.53,4776.47,4585.1,-257504.6
1416.0,40.0,25.0,7.7,99.99,6.37,120.0,120.53,4776.47,4585.2,-257313.33
1417.0,40.0,25.0,7.7,99.99,6.37,120.0,120.53,4776.47,4585.31,-257122.17
1418.0,40.0,25.0,7.7,99.99,6.37,120.0,120.53,4776.47,4585.42,-256931.12
1419.0,40.0,25.0,7.7,100.0,6.37,120.0,120.53,4776.47,4585.52,-256740.17
1420.0,40.0,25.0,7.7,100.0,6.37,120.0,120.53,4776.47,4585.49,-256549.19
1421.0,40.0,25.0,7.7,100.0,6.37,120.0,120.53,4776.47,4585.47,-256358.19
1422.0,40.0,25.0,7.7,100.0,6.37,120.01,120.53,4776.47,4585.45,-256167.18
1423.0,40.0,25.0,7.7,100.0,6.37,120.01,120.53,4776.47,4585.36,-255976.06
1424.0,40.0,25.0,7.7,100.01,6.37,120.01,120.53,4776.47,4585.26,-255784.85
1425.0,40.0,25.0,7.7,100.01,6.37,120.01,120.53,4776.47,4585.04,-255593.42
1426.0,40.0,25.0,7.7,100.01,6.37,120.01,120.53,4776.47,4584.82,-255401.77
1427.0,40.0,25.0,7.7,100.01,6.37,120.01,120.53,4776.47,4584.61,-255209.91
1428.0,40.0,25.0,7.7,100.0,6.37,120.01,120.53,4776.47,4584.4,-255017.84
1429.0,40.0,25.0,7.7,100.0,6.37,120.0,120.53,4776.47,4584.33,-254825.7
1430.0,40.0,25.0,7.7,100.0,6.37,120.0,120.53,4776.47,4584.34,-254633.56
1431.0,40.0,25.0,7.7,100.0,6.37,120.0,120.53,4776.47,4584.34,-254441.44
1432.0,40.0,25.0,7.7,100.0,6.37,120.0,120.53,4776.47,4584.35,-254249.32
1433.0,40.0,25.0,7.7,100.0,6.37,120.0,120.53,4776.47,4584.35,-254057.2
1434.0,40.0,25.0,7.7,100.0,6.37,120.0,120.53,4776.47,4584.36,-253865.08
1435.0,40.0,25.0,7.7,100.0,6.37,120.0,120.53,4776.47,4584.36,-253672.97
1436.0,40.0,25.0,7.7,100.0,6.37,120.0,120.53,4776.47,4584.36,-253480.87
1437.0,40.0,25.0,7.7,100.0,6.37,120.0,120.53,4776.47,4584.36,-253288.76
1438.0,40.0,25.0,7.7,100.0,6.37,120.0,120.53,4776.47,4584.37,-253096.66
1439.0,40.0,25.0,7.7,100.0,6.37,120.0,120.53,4776.47,4584.37,-252904.55
1440.0,40.0,25.0,7.7,100.0,6.37,120.0,120.53,4776.47,4584.37,-252712.45
1441.0,40.0,25.0,7.7,100.0,6.37,120.0,120.53,4776.47,4584.37,-252520.35
